#Nome_da_Administradora;CNPJ_da_Administradora;Data_base;Código_do_segmento;Taxa_de_administração;Quantidade_de_grupos_ativos;Quantidade_de_grupos_constituídos_no_mês;Quantidade_de_grupos_encerrados_no_mês;Quantidade_de_cotas_comercializadas_no_mês;Quantidade_de_cotas_excluídas_a_comercializar;Quantidade_acumulada_de_cotas_ativas_contempladas;Quantidade_de_cotas_ativas_não_contempladas;Quantidade_de_cotas_ativas_contempladas_no_mês;Quantidade_de_cotas_ativas_em_dia;Quantidade_de_cotas_ativas_contempladas_inadimplentes;Quantidade_de_cotas_ativas_não_contempladas_inadimplentes;Quantidade_de_cotas_excluídas;Quantidade_de_cotas_ativas_quitadas;Quantidade_de_cotas_ativas_com_crédito_pendente_de_utilização
ADEMICON ADM CONS S.A.;84911098;202310;1;23,51959;52;0;0;5909;3792;16346;103021;366;101782;2020;15565;96793;1982;3683
ADEMICON ADM CONS S.A.;84911098;202310;2;0,00000;54;1;1;729;3135;18247;19149;356;33630;1790;1976;17288;7100;1514
ADEMICON ADM CONS S.A.;84911098;202310;3;0,00000;47;2;0;2890;2029;7165;31567;347;33283;734;4715;17079;1426;1722
ADEMICON ADM CONS S.A.;84911098;202310;4;0,00000;0;0;0;0;0;0;0;0;0;0;0;0;0;0
ADEMICON ADM CONS S.A.;84911098;202310;5;0,00000;0;0;0;0;0;0;0;0;0;0;0;0;0;0
ADEMICON ADM CONS S.A.;84911098;202310;6;0,00000;2;0;0;91;254;256;748;26;785;57;162;356;3;100
ADM CONS BECKER LTDA;03828278;202310;1;20,92393;6;0;0;18;1701;561;1776;8;2159;65;113;2647;60;119
ADM CONS BECKER LTDA;03828278;202310;2;0,00000;0;0;0;0;0;0;0;0;0;0;0;0;0;0
ADM CONS BECKER LTDA;03828278;202310;3;18,31660;4;0;0;42;776;572;595;8;1050;64;53;1223;140;59
ADM CONS BECKER LTDA;03828278;202310;4;17,24513;12;0;0;70;1993;2829;1205;41;3620;300;114;2751;1203;368
ADM CONS BECKER LTDA;03828278;202310;5;19,45241;15;1;0;97;1171;1588;1449;44;2726;191;120;1542;386;355
ADM CONS BECKER LTDA;03828278;202310;6;18,00000;6;1;0;48;300;411;320;10;666;47;18;386;155;62
ADM CONS NAC HONDA LTDA;45441789;202310;1;0,00000;0;0;0;0;0;0;0;0;0;0;0;0;0;0
ADM CONS NAC HONDA LTDA;45441789;202310;2;0,00000;0;0;0;0;0;0;0;0;0;0;0;0;0;0
ADM CONS NAC HONDA LTDA;45441789;202310;3;15,57990;55;1;1;311;4423;7041;3331;119;9263;811;298;11574;3928;859
ADM CONS NAC HONDA LTDA;45441789;202310;4;22,83830;3194;61;49;77365;849624;1069684;877392;47908;1615092;189506;142478;2007853;353389;45354
ADM CONS NAC HONDA LTDA;45441789;202310;5;0,00000;0;0;0;0;0;0;0;0;0;0;0;0;0;0
ADM CONS NAC HONDA LTDA;45441789;202310;6;0,00000;0;0;0;0;0;0;0;0;0;0;0;0;0;0
ADM CONS NAC VIME LTDA;59999300;202310;1;0,00000;0;0;0;0;0;0;0;0;0;0;0;0;0;0
ADM CONS NAC VIME LTDA;59999300;202310;2;0,00000;0;0;0;0;0;0;0;0;0;0;0;0;0;0
ADM CONS NAC VIME LTDA;59999300;202310;3;17,66000;6;0;0;15;183;559;338;9;781;52;64;1191;230;26
ADM CONS NAC VIME LTDA;59999300;202310;4;0,00000;0;0;0;0;0;0;0;0;0;0;0;0;0;0
ADM CONS NAC VIME LTDA;59999300;202310;5;0,00000;0;0;0;0;0;0;0;0;0;0;0;0;0;0
ADM CONS NAC VIME LTDA;59999300;202310;6;0,00000;0;0;0;0;0;0;0;0;0;0;0;0;0;0
ADM CONS RCI BRASIL LTDA;73230674;202310;1;0,00000;0;0;0;0;0;0;0;0;0;0;0;0;0;0
ADM CONS RCI BRASIL LTDA;73230674;202310;2;0,00000;0;0;0;0;0;0;0;0;0;0;0;0;0;0
ADM CONS RCI BRASIL LTDA;73230674;202310;3;18,55702;44;1;0;1686;10537;9987;15841;235;21166;1357;3305;56780;2988;1667
ADM CONS RCI BRASIL LTDA;73230674;202310;4;0,00000;0;0;0;0;0;0;0;0;0;0;0;0;0;0
ADM CONS RCI BRASIL LTDA;73230674;202310;5;0,00000;0;0;0;0;0;0;0;0;0;0;0;0;0;0
ADM CONS RCI BRASIL LTDA;73230674;202310;6;0,00000;0;0;0;0;0;0;0;0;0;0;0;0;0;0
ADM CONS SICREDI LTDA;07808907;202310;1;12,94444;67;3;0;1373;168;19720;30164;359;46462;859;2563;20550;3949;8707
ADM CONS SICREDI LTDA;07808907;202310;2;8,48115;86;1;1;881;60;21322;17958;508;37747;725;808;6961;7778;6793
ADM CONS SICREDI LTDA;07808907;202310;3;9,77152;284;6;3;5066;639;74423;72924;2112;141447;2430;3470;30273;22931;16760
ADM CONS SICREDI LTDA;07808907;202310;4;12,80498;101;2;3;1010;336;24698;17084;627;38857;1762;1163;9381;8351;5022
ADM CONS SICREDI LTDA;07808907;202310;5;14,28921;5;0;0;37;13;702;511;25;1145;33;35;268;248;104
ADM CONS SICREDI LTDA;07808907;202310;6;14,44926;104;2;5;1553;339;25292;19001;1195;41071;2027;1195;7625;6497;3168
ADM CONS SPENGLER LTDA;91341925;202310;1;24,00000;1;0;0;9;20;4;136;1;116;0;24;29;0;1
ADM CONS SPENGLER LTDA;91341925;202310;2;0,00000;0;0;0;0;0;0;0;0;0;0;0;0;0;0
ADM CONS SPENGLER LTDA;91341925;202310;3;15,29558;35;0;0;105;1543;2122;1877;44;3490;267;242;2933;993;276
ADM CONS SPENGLER LTDA;91341925;202310;4;0,00000;0;0;0;0;0;0;0;0;0;0;0;0;0;0
ADM CONS SPENGLER LTDA;91341925;202310;5;0,00000;0;0;0;0;0;0;0;0;0;0;0;0;0;0
ADM CONS SPENGLER LTDA;91341925;202310;6;0,00000;0;0;0;0;0;0;0;0;0;0;0;0;0;0
ADM CONS UNICOOB LTDA;12228808;202310;1;11,60432;13;0;0;169;753;3516;5679;66;8525;179;491;6700;593;1041
ADM CONS UNICOOB LTDA;12228808;202310;2;0,00000;0;0;0;0;0;0;0;0;0;0;0;0;0;0
ADM CONS UNICOOB LTDA;12228808;202310;3;10,69824;38;0;0;402;748;12932;10658;353;21650;911;1029;9035;4007;1949
ADM CONS UNICOOB LTDA;12228808;202310;4;13,86081;4;0;0;74;264;1148;817;50;1821;67;77;744;534;267
ADM CONS UNICOOB LTDA;12228808;202310;5;0,00000;0;0;0;0;0;0;0;0;0;0;0;0;0;0
ADM CONS UNICOOB LTDA;12228808;202310;6;13,15203;11;0;0;325;260;5149;3132;211;7284;653;344;2577;2126;633
ALPHA ADM CONS LTDA;90982679;202310;1;23,55361;2;0;0;383;2030;346;2219;13;2028;94;443;14078;7;226
ALPHA ADM CONS LTDA;90982679;202310;2;22,31000;3;0;0;301;186;411;1637;13;1492;130;426;14070;23;70
ALPHA ADM CONS LTDA;90982679;202310;3;17,80000;4;0;0;674;1082;1154;2299;48;2465;345;643;23969;114;237
ALPHA ADM CONS LTDA;90982679;202310;4;0,00000;0;0;0;0;0;0;0;0;0;0;0;0;0;0
ALPHA ADM CONS LTDA;90982679;202310;5;0,00000;0;0;0;0;0;0;0;0;0;0;0;0;0;0
ALPHA ADM CONS LTDA;90982679;202310;6;0,00000;0;0;0;0;0;0;0;0;0;0;0;0;0;0
APEC ADM CONSORCIO S/A;03832228;202310;1;0,00000;0;0;0;0;0;0;0;0;0;0;0;0;0;0
APEC ADM CONSORCIO S/A;03832228;202310;2;0,00000;0;0;0;0;0;0;0;0;0;0;0;0;0;0
APEC ADM CONSORCIO S/A;03832228;202310;3;13,80405;2;0;0;4;14;226;70;5;268;18;10;88;114;16
APEC ADM CONSORCIO S/A;03832228;202310;4;0,00000;0;0;0;0;0;0;0;0;0;0;0;0;0;0
APEC ADM CONSORCIO S/A;03832228;202310;5;0,00000;0;0;0;0;0;0;0;0;0;0;0;0;0;0
APEC ADM CONSORCIO S/A;03832228;202310;6;0,00000;0;0;0;0;0;0;0;0;0;0;0;0;0;0
ASSOC BAHIANA DE MEDICINA ABM;13548938;202310;1;0,00000;0;0;0;0;0;0;0;0;0;0;0;0;0;0
ASSOC BAHIANA DE MEDICINA ABM;13548938;202310;2;0,00000;0;0;0;0;0;0;0;0;0;0;0;0;0;0
ASSOC BAHIANA DE MEDICINA ABM;13548938;202310;3;10,00000;1;0;0;0;0;109;35;3;129;11;4;18;38;17
ASSOC BAHIANA DE MEDICINA ABM;13548938;202310;4;0,00000;0;0;0;0;0;0;0;0;0;0;0;0;0;0
ASSOC BAHIANA DE MEDICINA ABM;13548938;202310;5;0,00000;0;0;0;0;0;0;0;0;0;0;0;0;0;0
ASSOC BAHIANA DE MEDICINA ABM;13548938;202310;6;0,00000;0;0;0;0;0;0;0;0;0;0;0;0;0;0
ASSOC DOS JUIZES DO RS;92965748;202310;1;0,00000;0;0;0;0;0;0;0;0;0;0;0;0;0;0
ASSOC DOS JUIZES DO RS;92965748;202310;2;0,00000;0;0;0;0;0;0;0;0;0;0;0;0;0;0
ASSOC DOS JUIZES DO RS;92965748;202310;3;0,00000;3;0;0;0;1;191;108;4;299;0;0;1;104;37
ASSOC DOS JUIZES DO RS;92965748;202310;4;0,00000;0;0;0;0;0;0;0;0;0;0;0;0;0;0
ASSOC DOS JUIZES DO RS;92965748;202310;5;0,00000;0;0;0;0;0;0;0;0;0;0;0;0;0;0
ASSOC DOS JUIZES DO RS;92965748;202310;6;0,00000;0;0;0;0;0;0;0;0;0;0;0;0;0;0
BAMAQ ADM CONS LTDA;71045363;202310;1;16,87581;1;0;0;134;166;162;1405;3;1313;17;237;1397;9;106
BAMAQ ADM CONS LTDA;71045363;202310;2;12,43502;2;0;0;24;9;1323;388;6;1567;102;42;1708;712;219
BAMAQ ADM CONS LTDA;71045363;202310;3;13,79233;10;0;0;1760;4355;6350;21022;173;20884;490;5998;21889;2065;2071
BAMAQ ADM CONS LTDA;71045363;202310;4;15,34806;2;0;0;1346;5063;533;12552;40;8622;51;4412;9199;41;282
BAMAQ ADM CONS LTDA;71045363;202310;5;0,00000;0;0;0;0;0;0;0;0;0;0;0;0;0;0
BAMAQ ADM CONS LTDA;71045363;202310;6;0,00000;0;0;0;0;0;0;0;0;0;0;0;0;0;0
BANCORBRÁS;02010478;202310;1;16,51535;16;0;0;370;2046;3701;5899;43;8587;309;704;12237;1231;770
BANCORBRÁS;02010478;202310;2;0,00000;0;0;0;0;0;0;0;0;0;0;0;0;0;0
BANCORBRÁS;02010478;202310;3;14,90007;10;0;0;428;879;3071;4973;83;6714;422;908;4353;1111;482
BANCORBRÁS;02010478;202310;4;0,00000;0;0;0;0;0;0;0;0;0;0;0;0;0;0
BANCORBRÁS;02010478;202310;5;0,00000;0;0;0;0;0;0;0;0;0;0;0;0;0;0
BANCORBRÁS;02010478;202310;6;16,90740;7;0;0;80;241;636;793;27;1043;224;162;1039;111;170
BANRISUL S.A. ADM CONSÓRCIOS;92692979;202310;1;18,04179;48;0;1;338;1994;7951;8078;116;15056;391;582;20041;2445;2206
BANRISUL S.A. ADM CONSÓRCIOS;92692979;202310;2;0,00000;0;0;0;0;0;0;0;0;0;0;0;0;0;0
BANRISUL S.A. ADM CONSÓRCIOS;92692979;202310;3;12,43097;100;1;1;1154;618;39449;23989;923;59651;2519;1268;30568;14683;5800
BANRISUL S.A. ADM CONSÓRCIOS;92692979;202310;4;18,00000;8;1;0;73;168;2112;1753;73;3614;144;107;2581;331;605
BANRISUL S.A. ADM CONSÓRCIOS;92692979;202310;5;0,00000;0;0;0;0;0;0;0;0;0;0;0;0;0;0
BANRISUL S.A. ADM CONSÓRCIOS;92692979;202310;6;0,00000;0;0;0;0;0;0;0;0;0;0;0;0;0;0
BB CONSÓRCIOS;06043050;202310;1;20,38150;64;1;0;9632;43674;56318;149464;687;184693;1931;19158;98478;18516;19355
BB CONSÓRCIOS;06043050;202310;2;14,79869;58;2;0;8884;20813;50566;176265;1389;208251;1958;16622;34367;3838;23749
BB CONSÓRCIOS;06043050;202310;3;14,85569;148;3;3;14291;53842;457835;320014;6105;715515;28256;34078;227311;180318;93126
BB CONSÓRCIOS;06043050;202310;4;20,49911;53;0;0;4499;48274;203354;115031;3714;268467;30173;19745;167434;63520;39682
BB CONSÓRCIOS;06043050;202310;5;23,81178;82;1;0;2929;108499;115178;114758;3922;191730;19321;18885;132689;29851;36049
BB CONSÓRCIOS;06043050;202310;6;19,21796;21;0;0;0;10729;83254;6817;1486;70101;17884;2086;49773;28504;17088
BBC ADM CONS LTDA.;36770683;202310;1;0,00000;0;0;0;0;0;0;0;0;0;0;0;0;0;0
BBC ADM CONS LTDA.;36770683;202310;2;0,00000;0;0;0;0;0;0;0;0;0;0;0;0;0;0
BBC ADM CONS LTDA.;36770683;202310;3;0,00000;0;0;0;0;0;0;0;0;0;0;0;0;0;0
BBC ADM CONS LTDA.;36770683;202310;4;0,00000;0;0;0;0;0;0;0;0;0;0;0;0;0;0
BBC ADM CONS LTDA.;36770683;202310;5;0,00000;0;0;0;0;0;0;0;0;0;0;0;0;0;0
BBC ADM CONS LTDA.;36770683;202310;6;0,00000;0;0;0;0;0;0;0;0;0;0;0;0;0;0
BR CONSÓRCIOS ADM. CONS. LTDA.;14723388;202310;1;19,23109;30;1;0;711;2206;7590;12130;152;17897;486;1337;26989;2586;2075
BR CONSÓRCIOS ADM. CONS. LTDA.;14723388;202310;2;0,00000;0;0;0;0;0;0;0;0;0;0;0;0;0;0
BR CONSÓRCIOS ADM. CONS. LTDA.;14723388;202310;3;15,05995;55;0;2;713;1147;20708;16012;491;33180;1613;1927;22165;7658;2051
BR CONSÓRCIOS ADM. CONS. LTDA.;14723388;202310;4;17,05389;15;1;1;168;328;4621;2762;117;6596;355;432;4429;2079;560
BR CONSÓRCIOS ADM. CONS. LTDA.;14723388;202310;5;7,23441;37;1;0;304;496;4616;2121;218;6145;581;11;539;3432;1006
BR CONSÓRCIOS ADM. CONS. LTDA.;14723388;202310;6;19,67856;9;0;1;62;172;1186;584;37;1430;228;112;1096;477;140
BRADESCO CONS. LTDA.;52568821;202310;1;17,85963;385;3;4;5057;55379;141812;102691;1425;223646;5401;15456;398972;56809;25847
BRADESCO CONS. LTDA.;52568821;202310;2;18,32452;352;1;1;3666;17172;58010;91773;1853;131646;3723;14414;133373;15988;8630
BRADESCO CONS. LTDA.;52568821;202310;3;16,34486;2446;20;29;38652;139421;621070;497093;16986;1005964;42069;70130;1086330;196987;90914
BRADESCO CONS. LTDA.;52568821;202310;4;18,38492;29;0;0;573;1890;4469;3357;119;7139;262;425;6665;2059;804
BRADESCO CONS. LTDA.;52568821;202310;5;0,00000;0;0;0;0;0;0;0;0;0;0;0;0;0;0
BRADESCO CONS. LTDA.;52568821;202310;6;0,00000;0;0;0;0;0;0;0;0;0;0;0;0;0;0
BREITKOPF ADM CONS LTDA;73235962;202310;1;23,11058;1;0;0;60;91;33;808;3;730;0;111;238;0;11
BREITKOPF ADM CONS LTDA;73235962;202310;2;11,25621;2;0;0;7;10;255;389;10;602;18;24;222;23;47
BREITKOPF ADM CONS LTDA;73235962;202310;3;13,78871;28;0;0;65;120;1651;961;42;2380;135;97;1033;782;204
BREITKOPF ADM CONS LTDA;73235962;202310;4;15,40329;7;0;0;16;40;892;444;17;1161;98;77;854;416;131
BREITKOPF ADM CONS LTDA;73235962;202310;5;0,00000;0;0;0;0;0;0;0;0;0;0;0;0;0;0
BREITKOPF ADM CONS LTDA;73235962;202310;6;0,00000;0;0;0;0;0;0;0;0;0;0;0;0;0;0
BRENNER ADM CONS LTDA;03762395;202310;1;0,00000;0;0;0;0;0;0;0;0;0;0;0;0;0;0
BRENNER ADM CONS LTDA;03762395;202310;2;0,00000;0;0;0;0;0;0;0;0;0;0;0;0;0;0
BRENNER ADM CONS LTDA;03762395;202310;3;0,00000;0;0;0;0;0;0;0;0;0;0;0;0;0;0
BRENNER ADM CONS LTDA;03762395;202310;4;16,02662;37;1;1;89;470;2237;1670;58;3616;112;179;2188;626;144
BRENNER ADM CONS LTDA;03762395;202310;5;0,00000;0;0;0;0;0;0;0;0;0;0;0;0;0;0
BRENNER ADM CONS LTDA;03762395;202310;6;0,00000;0;0;0;0;0;0;0;0;0;0;0;0;0;0
BRISA ADM CONSÓRCIOS;06046109;202310;1;0,00000;0;0;0;0;0;0;0;0;0;0;0;0;0;0
BRISA ADM CONSÓRCIOS;06046109;202310;2;13,02065;5;0;0;104;3;56;1082;10;975;8;155;21;0;34
BRISA ADM CONSÓRCIOS;06046109;202310;3;0,00000;0;0;0;0;0;0;0;0;0;0;0;0;0;0
BRISA ADM CONSÓRCIOS;06046109;202310;4;0,00000;0;0;0;0;0;0;0;0;0;0;0;0;0;0
BRISA ADM CONSÓRCIOS;06046109;202310;5;0,00000;0;0;0;0;0;0;0;0;0;0;0;0;0;0
BRISA ADM CONSÓRCIOS;06046109;202310;6;0,00000;0;0;0;0;0;0;0;0;0;0;0;0;0;0
BRQUALY ADM CONS LTDA.;45713971;202310;1;0,00000;0;0;0;0;0;0;0;0;0;0;0;0;0;0
BRQUALY ADM CONS LTDA.;45713971;202310;2;12,89907;21;0;0;48;284;3322;1661;30;4615;204;164;2289;1623;1608
BRQUALY ADM CONS LTDA.;45713971;202310;3;0,00000;0;0;0;0;0;0;0;0;0;0;0;0;0;0
BRQUALY ADM CONS LTDA.;45713971;202310;4;0,00000;0;0;0;0;0;0;0;0;0;0;0;0;0;0
BRQUALY ADM CONS LTDA.;45713971;202310;5;0,00000;0;0;0;0;0;0;0;0;0;0;0;0;0;0
BRQUALY ADM CONS LTDA.;45713971;202310;6;0,00000;0;0;0;0;0;0;0;0;0;0;0;0;0;0
CAMVEL ADM. CONS. LTDA.;72461643;202310;1;0,00000;0;0;0;0;0;0;0;0;0;0;0;0;0;0
CAMVEL ADM. CONS. LTDA.;72461643;202310;2;0,00000;0;0;0;0;0;0;0;0;0;0;0;0;0;0
CAMVEL ADM. CONS. LTDA.;72461643;202310;3;15,00000;7;0;0;14;437;675;542;9;1007;61;149;809;331;60
CAMVEL ADM. CONS. LTDA.;72461643;202310;4;17,00000;3;0;0;15;189;193;388;5;439;32;110;307;49;19
CAMVEL ADM. CONS. LTDA.;72461643;202310;5;0,00000;0;0;0;0;0;0;0;0;0;0;0;0;0;0
CAMVEL ADM. CONS. LTDA.;72461643;202310;6;17,00000;3;0;0;5;228;246;186;4;329;57;46;303;55;32
CANOPUS ADM CONSÓRCIOS;68318773;202310;1;22,23114;7;0;0;203;3377;1386;3548;33;3912;177;845;12947;514;432
CANOPUS ADM CONSÓRCIOS;68318773;202310;2;14,04083;3;0;0;43;318;766;625;18;1208;83;100;1356;423;113
CANOPUS ADM CONSÓRCIOS;68318773;202310;3;18,24149;70;2;0;1539;2025;36561;21410;526;49047;4785;4139;65264;19421;3070
CANOPUS ADM CONSÓRCIOS;68318773;202310;4;23,24360;6;0;0;107;248;3833;1520;59;4476;541;336;5792;2108;445
CANOPUS ADM CONSÓRCIOS;68318773;202310;5;25,35417;1;0;0;5;281;188;100;6;226;37;25;287;76;32
CANOPUS ADM CONSÓRCIOS;68318773;202310;6;26,59594;3;0;0;83;192;1243;999;36;1610;399;233;1886;315;128
CARLESSI ADM CONS LTDA;95783262;202310;1;0,00000;0;0;0;0;0;0;0;0;0;0;0;0;0;0
CARLESSI ADM CONS LTDA;95783262;202310;2;0,00000;0;0;0;0;0;0;0;0;0;0;0;0;0;0
CARLESSI ADM CONS LTDA;95783262;202310;3;15,03482;8;1;0;53;318;1085;780;23;1647;109;109;1207;466;170
CARLESSI ADM CONS LTDA;95783262;202310;4;17,28530;4;0;0;8;136;590;437;9;899;56;72;651;328;91
CARLESSI ADM CONS LTDA;95783262;202310;5;20,19388;7;0;0;56;267;815;1310;23;1814;159;152;1334;81;423
CARLESSI ADM CONS LTDA;95783262;202310;6;0,00000;0;0;0;0;0;0;0;0;0;0;0;0;0;0
CICAL ADM DE CONS LTDA;00266031;202310;1;0,00000;0;0;0;0;0;0;0;0;0;0;0;0;0;0
CICAL ADM DE CONS LTDA;00266031;202310;2;0,00000;0;0;0;0;0;0;0;0;0;0;0;0;0;0
CICAL ADM DE CONS LTDA;00266031;202310;3;15,15250;6;0;0;31;138;422;493;13;748;54;113;721;114;46
CICAL ADM DE CONS LTDA;00266031;202310;4;15,33210;7;0;0;10;164;675;254;9;731;96;102;1106;315;85
CICAL ADM DE CONS LTDA;00266031;202310;5;0,00000;0;0;0;0;0;0;0;0;0;0;0;0;0;0
CICAL ADM DE CONS LTDA;00266031;202310;6;0,00000;0;0;0;0;0;0;0;0;0;0;0;0;0;0
CIMAVEL ADM CONS;13170428;202310;1;20,00000;1;0;0;1;234;110;56;2;147;17;2;1212;51;36
CIMAVEL ADM CONS;13170428;202310;2;0,00000;0;0;0;0;0;0;0;0;0;0;0;0;0;0
CIMAVEL ADM CONS;13170428;202310;3;14,96943;9;0;0;6;1122;1560;566;22;1962;121;43;4061;841;151
CIMAVEL ADM CONS;13170428;202310;4;0,00000;0;0;0;0;0;0;0;0;0;0;0;0;0;0
CIMAVEL ADM CONS;13170428;202310;5;0,00000;0;0;0;0;0;0;0;0;0;0;0;0;0;0
CIMAVEL ADM CONS;13170428;202310;6;20,00000;0;0;0;63;0;6;275;2;257;0;24;101;0;4
CLUBE NAVAL;33868654;202310;1;0,00000;0;0;0;0;0;0;0;0;0;0;0;0;0;0
CLUBE NAVAL;33868654;202310;2;0,00000;0;0;0;0;0;0;0;0;0;0;0;0;0;0
CLUBE NAVAL;33868654;202310;3;7,10000;7;0;0;0;7;477;336;10;796;7;10;7;148;183
CLUBE NAVAL;33868654;202310;4;0,00000;0;0;0;0;0;0;0;0;0;0;0;0;0;0
CLUBE NAVAL;33868654;202310;5;0,00000;0;0;0;0;0;0;0;0;0;0;0;0;0;0
CLUBE NAVAL;33868654;202310;6;0,00000;0;0;0;0;0;0;0;0;0;0;0;0;0;0
CNF CONS NAC LTDA;59129403;202310;1;0,00000;0;0;0;0;0;0;0;0;0;0;0;0;0;0
CNF CONS NAC LTDA;59129403;202310;2;13,86105;0;0;0;0;0;76;19;0;90;5;0;84;45;34
CNF CONS NAC LTDA;59129403;202310;3;16,47587;18;0;2;68;469;4732;2010;19;5916;523;303;8036;1872;2321
CNF CONS NAC LTDA;59129403;202310;4;0,00000;0;0;0;0;0;0;0;0;0;0;0;0;0;0
CNF CONS NAC LTDA;59129403;202310;5;0,00000;0;0;0;0;0;0;0;0;0;0;0;0;0;0
CNF CONS NAC LTDA;59129403;202310;6;0,00000;0;0;0;0;0;0;0;0;0;0;0;0;0;0
CNK ADM CONS LTDA.;62798475;202310;1;25,30561;5;0;0;362;2100;324;3576;4;2952;73;875;19575;10;113
CNK ADM CONS LTDA.;62798475;202310;2;25,01980;3;0;0;281;275;386;2339;10;2250;92;383;14858;8;56
CNK ADM CONS LTDA.;62798475;202310;3;20,57250;8;0;0;677;3108;1587;3234;37;3596;406;819;39037;65;266
CNK ADM CONS LTDA.;62798475;202310;4;0,00000;0;0;0;0;0;0;0;0;0;0;0;0;0;0
CNK ADM CONS LTDA.;62798475;202310;5;0,00000;0;0;0;0;0;0;0;0;0;0;0;0;0;0
CNK ADM CONS LTDA.;62798475;202310;6;26,79700;1;0;0;59;360;27;308;3;192;11;132;678;0;9
CNP CONSORCIO S.A. ADM CONS;05349595;202310;1;18,18763;48;0;0;603;56576;30073;23600;327;46562;2851;4260;115162;9376;6905
CNP CONSORCIO S.A. ADM CONS;05349595;202310;2;14,27778;1;0;0;5;62;11;115;1;82;1;43;62;5;8
CNP CONSORCIO S.A. ADM CONS;05349595;202310;3;16,06126;70;0;0;365;16099;55601;16832;750;58238;10960;3235;56740;18569;10126
CNP CONSORCIO S.A. ADM CONS;05349595;202310;4;0,00000;0;0;0;0;0;0;0;0;0;0;0;0;0;0
CNP CONSORCIO S.A. ADM CONS;05349595;202310;5;0,00000;0;0;0;0;0;0;0;0;0;0;0;0;0;0
CNP CONSORCIO S.A. ADM CONS;05349595;202310;6;0,00000;0;0;0;0;0;0;0;0;0;0;0;0;0;0
COIMEX ADM CONS S.A.;27268770;202310;1;12,64269;21;0;0;798;4128;1566;11616;70;11870;81;1231;11734;149;667
COIMEX ADM CONS S.A.;27268770;202310;2;11,08091;1;0;0;3;2;0;11;0;11;0;0;2;0;0
COIMEX ADM CONS S.A.;27268770;202310;3;11,67542;17;0;0;1342;2982;3040;8308;154;10177;213;958;6959;608;566
COIMEX ADM CONS S.A.;27268770;202310;4;11,23453;5;0;0;556;794;1449;3004;78;3934;100;419;2251;413;334
COIMEX ADM CONS S.A.;27268770;202310;5;13,99000;0;0;0;0;6;0;1;0;1;0;0;8;0;0
COIMEX ADM CONS S.A.;27268770;202310;6;10,89175;2;0;0;13;285;241;274;10;407;50;58;418;62;57
COMAUTO ADM CONS LTDA.;44474674;202310;1;21,83036;1;0;0;24;29;7;329;1;253;0;83;81;0;2
COMAUTO ADM CONS LTDA.;44474674;202310;2;8,21933;60;4;0;62;115;1116;790;123;1739;72;95;164;429;150
COMAUTO ADM CONS LTDA.;44474674;202310;3;14,61757;8;1;0;70;313;913;881;27;1475;164;155;1529;212;116
COMAUTO ADM CONS LTDA.;44474674;202310;4;15,22727;6;0;0;18;125;1190;464;20;1393;176;85;1591;409;136
COMAUTO ADM CONS LTDA.;44474674;202310;5;0,00000;0;0;0;0;0;0;0;0;0;0;0;0;0;0
COMAUTO ADM CONS LTDA.;44474674;202310;6;0,00000;0;0;0;0;0;0;0;0;0;0;0;0;0;0
CONBR ADM CONS S.A.;75770164;202310;1;0,00000;0;0;0;0;0;0;0;0;0;0;0;0;0;0
CONBR ADM CONS S.A.;75770164;202310;2;17,00000;1;0;0;20;0;2;53;0;50;0;5;0;0;2
CONBR ADM CONS S.A.;75770164;202310;3;16,14000;2;1;0;41;17;10;215;3;203;1;21;24;0;8
CONBR ADM CONS S.A.;75770164;202310;4;0,00000;0;0;0;0;0;0;0;0;0;0;0;0;0;0
CONBR ADM CONS S.A.;75770164;202310;5;0,00000;0;0;0;0;0;0;0;0;0;0;0;0;0;0
CONBR ADM CONS S.A.;75770164;202310;6;0,00000;0;0;0;0;0;0;0;0;0;0;0;0;0;0
CONBRAV ADM CONS LTDA;07336852;202310;1;0,00000;0;0;0;0;0;0;0;0;0;0;0;0;0;0
CONBRAV ADM CONS LTDA;07336852;202310;2;0,00000;0;0;0;0;0;0;0;0;0;0;0;0;0;0
CONBRAV ADM CONS LTDA;07336852;202310;3;17,48496;12;0;1;39;709;1229;427;13;1365;222;69;2389;568;122
CONBRAV ADM CONS LTDA;07336852;202310;4;19,15775;16;0;0;125;605;2115;1396;40;2849;419;243;4496;840;251
CONBRAV ADM CONS LTDA;07336852;202310;5;0,00000;0;0;0;0;0;0;0;0;0;0;0;0;0;0
CONBRAV ADM CONS LTDA;07336852;202310;6;0,00000;0;0;0;0;0;0;0;0;0;0;0;0;0;0
CONESUL ADM CONS LTDA;92459213;202310;1;0,00000;0;0;0;0;0;0;0;0;0;0;0;0;0;0
CONESUL ADM CONS LTDA;92459213;202310;2;0,00000;0;0;0;0;0;0;0;0;0;0;0;0;0;0
CONESUL ADM CONS LTDA;92459213;202310;3;13,94870;4;0;0;0;130;393;115;3;379;53;76;359;171;51
CONESUL ADM CONS LTDA;92459213;202310;4;0,00000;0;0;0;0;0;0;0;0;0;0;0;0;0;0
CONESUL ADM CONS LTDA;92459213;202310;5;0,00000;0;0;0;0;0;0;0;0;0;0;0;0;0;0
CONESUL ADM CONS LTDA;92459213;202310;6;0,00000;0;0;0;0;0;0;0;0;0;0;0;0;0;0
CONS. NACIONAL VOLKSWAGEN LTDA.;47658539;202310;1;0,00000;0;0;0;0;0;0;0;0;0;0;0;0;0;0
CONS. NACIONAL VOLKSWAGEN LTDA.;47658539;202310;2;11,51823;1;0;0;85;76;13;496;2;456;1;52;242;0;6
CONS. NACIONAL VOLKSWAGEN LTDA.;47658539;202310;3;20,20720;298;2;8;2214;127805;37683;17341;334;45122;7590;2312;155727;14495;4770
CONS. NACIONAL VOLKSWAGEN LTDA.;47658539;202310;4;21,09142;0;0;0;0;0;3479;590;12;3066;931;72;7335;867;361
CONS. NACIONAL VOLKSWAGEN LTDA.;47658539;202310;5;0,00000;0;0;0;0;0;0;0;0;0;0;0;0;0;0
CONS. NACIONAL VOLKSWAGEN LTDA.;47658539;202310;6;0,00000;0;0;0;0;0;0;0;0;0;0;0;0;0;0
CONSORCIO GAZIN;06044551;202310;1;20,64690;5;0;0;234;1732;554;3025;13;2791;52;736;5768;44;260
CONSORCIO GAZIN;06044551;202310;2;0,00000;0;0;0;0;0;0;0;0;0;0;0;0;0;0
CONSORCIO GAZIN;06044551;202310;3;14,83447;28;0;1;630;1103;13146;12053;343;21738;1363;2098;17655;3335;1342
CONSORCIO GAZIN;06044551;202310;4;19,42478;24;0;0;496;1613;10583;10383;272;17231;1369;2366;19990;3091;1308
CONSORCIO GAZIN;06044551;202310;5;12,32061;14;0;0;305;3193;4943;4691;193;7544;811;1279;7868;2014;1028
CONSORCIO GAZIN;06044551;202310;6;22,54646;5;0;0;64;274;1248;915;43;1715;262;186;1534;160;179
CONSORCIO NACIONAL NANUQUE;05652765;202310;1;0,00000;0;0;0;0;0;0;0;0;0;0;0;0;0;0
CONSORCIO NACIONAL NANUQUE;05652765;202310;2;0,00000;0;0;0;0;0;0;0;0;0;0;0;0;0;0
CONSORCIO NACIONAL NANUQUE;05652765;202310;3;15,03161;6;0;0;108;132;1215;1270;22;2078;162;245;2263;508;102
CONSORCIO NACIONAL NANUQUE;05652765;202310;4;20,81200;16;0;0;89;212;6072;1392;64;6288;857;319;10137;3407;359
CONSORCIO NACIONAL NANUQUE;05652765;202310;5;0,00000;0;0;0;0;0;0;0;0;0;0;0;0;0;0
CONSORCIO NACIONAL NANUQUE;05652765;202310;6;18,87356;2;0;0;5;59;143;31;2;139;30;5;234;42;25
CONSORCIO VOLVO;74118381;202310;1;0,00000;0;0;0;0;0;0;0;0;0;0;0;0;0;0
CONSORCIO VOLVO;74118381;202310;2;12,68280;28;0;1;62;62;6672;6430;132;12442;288;372;4133;2216;904
CONSORCIO VOLVO;74118381;202310;3;0,00000;0;0;0;0;0;0;0;0;0;0;0;0;0;0
CONSORCIO VOLVO;74118381;202310;4;0,00000;0;0;0;0;0;0;0;0;0;0;0;0;0;0
CONSORCIO VOLVO;74118381;202310;5;0,00000;0;0;0;0;0;0;0;0;0;0;0;0;0;0
CONSORCIO VOLVO;74118381;202310;6;0,00000;0;0;0;0;0;0;0;0;0;0;0;0;0;0
CONSÓRCIO JORLAN;37137767;202310;1;0,00000;0;0;0;0;0;0;0;0;0;0;0;0;0;0
CONSÓRCIO JORLAN;37137767;202310;2;0,00000;0;0;0;0;0;0;0;0;0;0;0;0;0;0
CONSÓRCIO JORLAN;37137767;202310;3;0,00000;0;0;0;0;0;0;0;0;0;0;0;0;0;0
CONSÓRCIO JORLAN;37137767;202310;4;0,00000;0;0;0;0;0;0;0;0;0;0;0;0;0;0
CONSÓRCIO JORLAN;37137767;202310;5;0,00000;0;0;0;0;0;0;0;0;0;0;0;0;0;0
CONSÓRCIO JORLAN;37137767;202310;6;0,00000;0;0;0;0;0;0;0;0;0;0;0;0;0;0
CONSÓRCIO RESERVA;28904092;202310;1;24,78182;2;0;0;151;1019;81;893;2;669;26;279;8014;2;39
CONSÓRCIO RESERVA;28904092;202310;2;21,76497;3;0;0;184;2453;211;1142;5;953;71;329;12834;4;33
CONSÓRCIO RESERVA;28904092;202310;3;18,99936;6;0;0;254;6450;481;1087;17;1064;146;358;27164;39;135
CONSÓRCIO RESERVA;28904092;202310;4;21,94840;1;0;0;147;1094;23;538;4;356;7;198;2265;0;17
CONSÓRCIO RESERVA;28904092;202310;5;0,00000;0;0;0;0;0;0;0;0;0;0;0;0;0;0
CONSÓRCIO RESERVA;28904092;202310;6;21,31624;1;0;0;22;494;21;96;1;67;6;44;1067;4;13
CONSÓRCIO TRIÂNGULO;78199262;202310;1;18,34935;3;0;0;21;473;711;970;9;1553;82;46;1575;199;121
CONSÓRCIO TRIÂNGULO;78199262;202310;2;0,00000;0;0;0;0;0;0;0;0;0;0;0;0;0;0
CONSÓRCIO TRIÂNGULO;78199262;202310;3;14,15838;14;0;1;57;192;2490;1952;44;4083;202;157;2000;930;243
CONSÓRCIO TRIÂNGULO;78199262;202310;4;17,35186;2;0;0;7;65;549;338;10;808;36;43;443;200;66
CONSÓRCIO TRIÂNGULO;78199262;202310;5;0,00000;0;0;0;0;0;0;0;0;0;0;0;0;0;0
CONSÓRCIO TRIÂNGULO;78199262;202310;6;15,23056;1;0;0;17;60;80;154;2;201;13;20;116;4;18
CONVEF ADM CONS LTDA.;58919903;202310;1;19,87035;5;0;0;15;554;1629;1114;11;2495;112;136;10222;680;292
CONVEF ADM CONS LTDA.;58919903;202310;2;16,38728;0;0;0;1;104;115;58;2;152;18;3;253;42;9
CONVEF ADM CONS LTDA.;58919903;202310;3;15,44808;21;0;1;121;1509;6654;2893;60;8724;487;336;9101;4605;421
CONVEF ADM CONS LTDA.;58919903;202310;4;20,57868;1;0;0;0;118;394;0;0;365;29;0;517;329;11
CONVEF ADM CONS LTDA.;58919903;202310;5;0,00000;0;0;0;0;0;0;0;0;0;0;0;0;0;0
CONVEF ADM CONS LTDA.;58919903;202310;6;0,00000;0;0;0;0;0;0;0;0;0;0;0;0;0;0
COOPERATIVA MISTA ROMA (ANTIGA JOCKEY) - PROIBIDA;61550836;202310;1;23,22427;4;0;0;321;860;277;1905;8;1621;61;500;13169;13;112
COOPERATIVA MISTA ROMA (ANTIGA JOCKEY) - PROIBIDA;61550836;202310;2;22,73000;3;0;0;136;2267;291;1334;11;1129;75;421;10163;7;50
COOPERATIVA MISTA ROMA (ANTIGA JOCKEY) - PROIBIDA;61550836;202310;3;17,39000;9;0;0;568;4673;1919;4277;69;4261;485;1450;35901;410;343
COOPERATIVA MISTA ROMA (ANTIGA JOCKEY) - PROIBIDA;61550836;202310;4;0,00000;0;0;0;0;0;0;0;0;0;0;0;0;0;0
COOPERATIVA MISTA ROMA (ANTIGA JOCKEY) - PROIBIDA;61550836;202310;5;18,23000;1;0;0;47;0;8;281;4;289;0;0;0;0;8
COOPERATIVA MISTA ROMA (ANTIGA JOCKEY) - PROIBIDA;61550836;202310;6;0,00000;0;0;0;0;0;0;0;0;0;0;0;0;0;0
DESTAQUE ADM. CONS. LTDA;05794450;202310;1;0,00000;0;0;0;0;0;0;0;0;0;0;0;0;0;0
DESTAQUE ADM. CONS. LTDA;05794450;202310;2;0,00000;0;0;0;0;0;0;0;0;0;0;0;0;0;0
DESTAQUE ADM. CONS. LTDA;05794450;202310;3;14,94620;4;0;0;13;144;274;339;8;522;22;69;476;117;38
DESTAQUE ADM. CONS. LTDA;05794450;202310;4;0,00000;0;0;0;0;0;0;0;0;0;0;0;0;0;0
DESTAQUE ADM. CONS. LTDA;05794450;202310;5;0,00000;0;0;0;0;0;0;0;0;0;0;0;0;0;0
DESTAQUE ADM. CONS. LTDA;05794450;202310;6;0,00000;0;0;0;0;0;0;0;0;0;0;0;0;0;0
DISAL  ADM CONS LTDA;59395061;202310;1;18,32780;2;0;0;0;678;318;4;1;292;30;0;1661;179;22
DISAL  ADM CONS LTDA;59395061;202310;2;0,00000;0;0;0;0;0;0;0;0;0;0;0;0;0;0
DISAL  ADM CONS LTDA;59395061;202310;3;19,00164;383;2;7;4555;158800;74963;65951;1205;117196;9932;13786;298345;23910;10459
DISAL  ADM CONS LTDA;59395061;202310;4;18,73732;0;0;0;1;0;2019;1108;32;2618;302;207;7337;415;291
DISAL  ADM CONS LTDA;59395061;202310;5;0,00000;0;0;0;0;0;0;0;0;0;0;0;0;0;0
DISAL  ADM CONS LTDA;59395061;202310;6;0,00000;0;0;0;0;0;0;0;0;0;0;0;0;0;0
DISBRAVE ADM CONS LTDA.;01659838;202310;1;19,46249;12;0;0;487;2144;2169;5610;21;5866;406;1504;34224;940;295
DISBRAVE ADM CONS LTDA.;01659838;202310;2;0,00000;2;0;0;0;400;0;0;0;0;0;0;0;0;0
DISBRAVE ADM CONS LTDA.;01659838;202310;3;17,77980;24;0;0;555;8358;5136;8725;100;9454;1355;3051;59115;2007;820
DISBRAVE ADM CONS LTDA.;01659838;202310;4;22,72310;1;0;0;0;973;674;353;2;675;238;114;29830;233;92
DISBRAVE ADM CONS LTDA.;01659838;202310;5;0,00000;0;0;0;0;0;0;0;0;0;0;0;0;0;0
DISBRAVE ADM CONS LTDA.;01659838;202310;6;20,00000;1;0;0;0;4;88;268;16;309;4;42;5;1;30
ELDORADO ADM CONSORCIO;08570707;202310;1;18,56039;2;0;0;15;102;169;336;2;407;47;51;907;31;29
ELDORADO ADM CONSORCIO;08570707;202310;2;0,00000;0;0;0;0;0;0;0;0;0;0;0;0;0;0
ELDORADO ADM CONSORCIO;08570707;202310;3;16,14324;11;0;0;61;806;1701;1162;30;2450;256;157;3219;638;136
ELDORADO ADM CONSORCIO;08570707;202310;4;18,60100;10;0;0;64;1375;1391;1019;28;2016;226;168;3027;531;144
ELDORADO ADM CONSORCIO;08570707;202310;5;16,87500;0;0;0;0;0;7;1;0;8;0;0;15;4;0
ELDORADO ADM CONSORCIO;08570707;202310;6;24,92040;2;0;0;12;55;54;147;3;147;12;42;153;1;13
EMBRACON ADM CONS LTDA;58113812;202310;1;18,81817;107;2;3;3590;5924;37201;42384;570;72524;2788;4273;220350;16106;8194
EMBRACON ADM CONS LTDA;58113812;202310;2;13,19255;25;0;0;244;643;2367;5300;124;6678;200;789;2645;388;646
EMBRACON ADM CONS LTDA;58113812;202310;3;14,28630;99;1;0;2833;3294;38101;36951;1088;66851;3758;4443;100661;15812;5735
EMBRACON ADM CONS LTDA;58113812;202310;4;18,34033;17;1;1;629;469;5761;7771;233;12119;527;886;16054;2549;1269
EMBRACON ADM CONS LTDA;58113812;202310;5;0,00000;0;0;0;0;0;0;0;0;0;0;0;0;0;0
EMBRACON ADM CONS LTDA;58113812;202310;6;16,44374;6;0;0;157;170;1035;1347;80;2072;162;148;1771;338;442
EUTBEM ADM CONS S.A.;40513064;202310;1;0,00000;0;0;0;0;0;0;0;0;0;0;0;0;0;0
EUTBEM ADM CONS S.A.;40513064;202310;2;0,00000;0;0;0;0;0;0;0;0;0;0;0;0;0;0
EUTBEM ADM CONS S.A.;40513064;202310;3;8,08700;1;0;0;4;24;12;95;2;92;1;14;36;0;8
EUTBEM ADM CONS S.A.;40513064;202310;4;0,00000;0;0;0;0;0;0;0;0;0;0;0;0;0;0
EUTBEM ADM CONS S.A.;40513064;202310;5;0,00000;0;0;0;0;0;0;0;0;0;0;0;0;0;0
EUTBEM ADM CONS S.A.;40513064;202310;6;17,41000;1;0;0;3;63;32;24;1;34;13;9;71;1;12
FANCAR ADM CONS LTDA.;11747606;202310;1;0,00000;0;0;0;0;0;0;0;0;0;0;0;0;0;0
FANCAR ADM CONS LTDA.;11747606;202310;2;0,00000;0;0;0;0;0;0;0;0;0;0;0;0;0;0
FANCAR ADM CONS LTDA.;11747606;202310;3;12,56118;26;0;0;76;527;1715;1188;53;2598;175;130;1320;791;210
FANCAR ADM CONS LTDA.;11747606;202310;4;0,00000;0;0;0;0;0;0;0;0;0;0;0;0;0;0
FANCAR ADM CONS LTDA.;11747606;202310;5;0,00000;0;0;0;0;0;0;0;0;0;0;0;0;0;0
FANCAR ADM CONS LTDA.;11747606;202310;6;0,00000;0;0;0;0;0;0;0;0;0;0;0;0;0;0
FARROUPILHA ADM CONS LTDA;91107581;202310;1;23,61325;4;0;0;155;6771;1055;2631;18;2890;161;635;17428;285;278
FARROUPILHA ADM CONS LTDA;91107581;202310;2;0,00000;0;0;0;0;0;0;0;0;0;0;0;0;0;0
FARROUPILHA ADM CONS LTDA;91107581;202310;3;19,36884;8;0;0;31;2006;691;933;22;1296;133;195;3955;163;142
FARROUPILHA ADM CONS LTDA;91107581;202310;4;13,45468;305;0;0;0;2120;40872;2899;35;38414;5330;27;3736;37169;155
FARROUPILHA ADM CONS LTDA;91107581;202310;5;21,15118;8;0;0;95;4342;1952;1534;62;2707;433;346;6584;763;411
FARROUPILHA ADM CONS LTDA;91107581;202310;6;0,00000;0;0;0;0;0;0;0;0;0;0;0;0;0;0
FED.NAC.ASSOC.SERV.BCO CENTRAL;33350620;202310;1;0,00000;0;0;0;0;0;0;0;0;0;0;0;0;0;0
FED.NAC.ASSOC.SERV.BCO CENTRAL;33350620;202310;2;0,00000;0;0;0;0;0;0;0;0;0;0;0;0;0;0
FED.NAC.ASSOC.SERV.BCO CENTRAL;33350620;202310;3;7,00000;2;0;0;1;9;94;51;3;143;0;2;16;36;19
FED.NAC.ASSOC.SERV.BCO CENTRAL;33350620;202310;4;0,00000;0;0;0;0;0;0;0;0;0;0;0;0;0;0
FED.NAC.ASSOC.SERV.BCO CENTRAL;33350620;202310;5;5,00000;1;0;0;0;1;29;4;0;33;0;0;1;12;13
FED.NAC.ASSOC.SERV.BCO CENTRAL;33350620;202310;6;0,00000;0;0;0;0;0;0;0;0;0;0;0;0;0;0
FERRAZ ADM E CONS LTDA;00600262;202310;1;0,00000;0;0;0;0;0;0;0;0;0;0;0;0;0;0
FERRAZ ADM E CONS LTDA;00600262;202310;2;0,00000;0;0;0;0;0;0;0;0;0;0;0;0;0;0
FERRAZ ADM E CONS LTDA;00600262;202310;3;12,38663;6;0;0;3;9;851;256;15;982;111;14;398;465;69
FERRAZ ADM E CONS LTDA;00600262;202310;4;0,00000;0;0;0;0;0;0;0;0;0;0;0;0;0;0
FERRAZ ADM E CONS LTDA;00600262;202310;5;0,00000;0;0;0;0;0;0;0;0;0;0;0;0;0;0
FERRAZ ADM E CONS LTDA;00600262;202310;6;0,00000;0;0;0;0;0;0;0;0;0;0;0;0;0;0
FIEL CONSÓRCIOS;06940240;202310;1;0,00000;0;0;0;0;0;0;0;0;0;0;0;0;0;0
FIEL CONSÓRCIOS;06940240;202310;2;0,00000;0;0;0;0;0;0;0;0;0;0;0;0;0;0
FIEL CONSÓRCIOS;06940240;202310;3;0,00000;0;0;0;0;0;0;0;0;0;0;0;0;0;0
FIEL CONSÓRCIOS;06940240;202310;4;21,42606;13;1;0;113;125;1399;1299;52;2332;230;136;2695;426;101
FIEL CONSÓRCIOS;06940240;202310;5;0,00000;0;0;0;0;0;0;0;0;0;0;0;0;0;0
FIEL CONSÓRCIOS;06940240;202310;6;0,00000;0;0;0;0;0;0;0;0;0;0;0;0;0;0
FINAMA ADM CONS LTDA;45725975;202310;1;15,94565;1;0;0;0;79;274;2;0;263;12;1;818;194;15
FINAMA ADM CONS LTDA;45725975;202310;2;0,00000;0;0;0;0;0;0;0;0;0;0;0;0;0;0
FINAMA ADM CONS LTDA;45725975;202310;3;17,64298;5;1;0;49;220;256;349;12;534;31;40;517;77;34
FINAMA ADM CONS LTDA;45725975;202310;4;17,61614;25;0;0;65;1800;2897;1292;47;3656;271;262;4818;1469;339
FINAMA ADM CONS LTDA;45725975;202310;5;0,00000;0;0;0;0;0;0;0;0;0;0;0;0;0;0
FINAMA ADM CONS LTDA;45725975;202310;6;0,00000;0;0;0;0;0;0;0;0;0;0;0;0;0;0
FIPAL;78688462;202310;1;20,08615;3;0;0;17;296;759;560;5;1153;98;68;985;357;109
FIPAL;78688462;202310;2;0,00000;0;0;0;0;0;0;0;0;0;0;0;0;0;0
FIPAL;78688462;202310;3;13,41630;18;0;0;70;319;1342;1937;45;2851;143;285;923;628;153
FIPAL;78688462;202310;4;15,28340;3;0;0;1;106;1407;167;19;1413;126;35;724;916;110
FIPAL;78688462;202310;5;0,00000;0;0;0;0;0;0;0;0;0;0;0;0;0;0
FIPAL;78688462;202310;6;17,81940;1;0;1;2;13;17;55;2;52;5;15;21;0;5
FRANCAUTO ADM CONS LTDA.;04751943;202310;1;0,00000;0;0;0;0;0;0;0;0;0;0;0;0;0;0
FRANCAUTO ADM CONS LTDA.;04751943;202310;2;0,00000;0;0;0;0;0;0;0;0;0;0;0;0;0;0
FRANCAUTO ADM CONS LTDA.;04751943;202310;3;4,01476;9;0;0;9;488;1006;281;11;1160;91;36;1307;491;50
FRANCAUTO ADM CONS LTDA.;04751943;202310;4;0,00000;0;0;0;0;0;0;0;0;0;0;0;0;0;0
FRANCAUTO ADM CONS LTDA.;04751943;202310;5;0,00000;0;0;0;0;0;0;0;0;0;0;0;0;0;0
FRANCAUTO ADM CONS LTDA.;04751943;202310;6;0,00000;0;0;0;0;0;0;0;0;0;0;0;0;0;0
FUGANTI ADM CONS LTDA;03870838;202310;1;0,00000;0;0;0;0;0;0;0;0;0;0;0;0;0;0
FUGANTI ADM CONS LTDA;03870838;202310;2;0,00000;0;0;0;0;0;0;0;0;0;0;0;0;0;0
FUGANTI ADM CONS LTDA;03870838;202310;3;0,00000;0;0;0;0;0;0;0;0;0;0;0;0;0;0
FUGANTI ADM CONS LTDA;03870838;202310;4;0,00000;0;0;0;0;0;0;0;0;0;0;0;0;0;0
FUGANTI ADM CONS LTDA;03870838;202310;5;0,00000;0;0;0;0;0;0;0;0;0;0;0;0;0;0
FUGANTI ADM CONS LTDA;03870838;202310;6;0,00000;0;0;0;0;0;0;0;0;0;0;0;0;0;0
FUNDACAO HAB. DO EXERCITO-FHE;00643742;202310;1;9,42973;29;0;0;109;153;10610;5524;67;15629;252;253;5134;6067;2122
FUNDACAO HAB. DO EXERCITO-FHE;00643742;202310;2;0,00000;0;0;0;0;0;0;0;0;0;0;0;0;0;0
FUNDACAO HAB. DO EXERCITO-FHE;00643742;202310;3;7,33494;14;0;0;37;36;3219;1500;54;4497;132;90;648;1399;557
FUNDACAO HAB. DO EXERCITO-FHE;00643742;202310;4;7,09997;15;0;2;51;36;3647;1564;53;4915;191;105;740;1767;782
FUNDACAO HAB. DO EXERCITO-FHE;00643742;202310;5;0,00000;0;0;0;0;0;0;0;0;0;0;0;0;0;0
FUNDACAO HAB. DO EXERCITO-FHE;00643742;202310;6;8,87384;6;0;0;5;33;656;208;10;782;63;19;160;268;170
GAMBATTO ADM CONS LTDA;82942400;202310;1;0,00000;0;0;0;0;0;0;0;0;0;0;0;0;0;0
GAMBATTO ADM CONS LTDA;82942400;202310;2;0,00000;0;0;0;0;0;0;0;0;0;0;0;0;0;0
GAMBATTO ADM CONS LTDA;82942400;202310;3;1,51581;20;0;0;25;173;1793;958;27;2457;122;172;193;953;76
GAMBATTO ADM CONS LTDA;82942400;202310;4;8,85607;14;1;0;30;414;559;643;20;1013;48;141;428;159;54
GAMBATTO ADM CONS LTDA;82942400;202310;5;0,00000;0;0;0;0;0;0;0;0;0;0;0;0;0;0
GAMBATTO ADM CONS LTDA;82942400;202310;6;0,00000;0;0;0;0;0;0;0;0;0;0;0;0;0;0
GAP ADM CONS LTDA.;45700892;202310;1;11,16796;10;0;0;15;251;871;409;2;1009;205;66;259;460;2
GAP ADM CONS LTDA.;45700892;202310;2;10,22969;68;3;0;389;190;7109;2885;56;9382;472;140;211;4409;24
GAP ADM CONS LTDA.;45700892;202310;3;0,00000;0;0;0;0;0;0;0;0;0;0;0;0;0;0
GAP ADM CONS LTDA.;45700892;202310;4;0,00000;0;0;0;0;0;0;0;0;0;0;0;0;0;0
GAP ADM CONS LTDA.;45700892;202310;5;0,00000;0;0;0;0;0;0;0;0;0;0;0;0;0;0
GAP ADM CONS LTDA.;45700892;202310;6;0,00000;0;0;0;0;0;0;0;0;0;0;0;0;0;0
GAPLAN ADM CONS LTDA;47820097;202310;1;0,00000;0;0;0;0;0;0;0;0;0;0;0;0;0;0
GAPLAN ADM CONS LTDA;47820097;202310;2;11,28421;81;0;0;87;343;7933;3185;2;9462;1150;506;498;5214;10
GAPLAN ADM CONS LTDA;47820097;202310;3;12,65092;27;1;1;42;124;1637;543;4;2021;109;50;193;1146;1
GAPLAN ADM CONS LTDA;47820097;202310;4;0,00000;0;0;0;0;0;0;0;0;0;0;0;0;0;0
GAPLAN ADM CONS LTDA;47820097;202310;5;0,00000;0;0;0;0;0;0;0;0;0;0;0;0;0;0
GAPLAN ADM CONS LTDA;47820097;202310;6;0,00000;0;0;0;0;0;0;0;0;0;0;0;0;0;0
GGS ADM CONS LTDA.;94187879;202310;1;22,31034;1;0;0;0;138;87;0;0;79;8;0;312;78;2
GGS ADM CONS LTDA.;94187879;202310;2;0,00000;0;0;0;0;0;0;0;0;0;0;0;0;0;0
GGS ADM CONS LTDA.;94187879;202310;3;16,35104;5;0;0;0;637;500;27;2;384;126;17;1594;316;56
GGS ADM CONS LTDA.;94187879;202310;4;0,00000;0;0;0;0;0;0;0;0;0;0;0;0;0;0
GGS ADM CONS LTDA.;94187879;202310;5;0,00000;1;0;0;0;0;0;0;0;0;0;0;0;0;0
GGS ADM CONS LTDA.;94187879;202310;6;0,00000;0;0;0;0;0;0;0;0;0;0;0;0;0;0
GLOBO ADM. CONS. LTDA.;85322204;202310;1;21,97590;6;0;0;18;2199;565;921;7;1161;79;246;3977;283;56
GLOBO ADM. CONS. LTDA.;85322204;202310;2;0,00000;0;0;0;0;0;0;0;0;0;0;0;0;0;0
GLOBO ADM. CONS. LTDA.;85322204;202310;3;19,81569;6;0;0;31;1444;1201;622;22;1495;146;182;2211;718;60
GLOBO ADM. CONS. LTDA.;85322204;202310;4;20,00000;2;0;0;15;333;372;239;7;509;21;81;578;268;29
GLOBO ADM. CONS. LTDA.;85322204;202310;5;0,00000;0;0;0;0;0;0;0;0;0;0;0;0;0;0
GLOBO ADM. CONS. LTDA.;85322204;202310;6;20,00000;3;0;0;24;505;400;451;21;574;103;174;537;107;27
GMAC ADM CONS  LTDA;49937055;202310;1;0,00000;0;0;0;0;0;0;0;0;0;0;0;0;0;0
GMAC ADM CONS  LTDA;49937055;202310;2;0,00000;0;0;0;0;0;0;0;0;0;0;0;0;0;0
GMAC ADM CONS  LTDA;49937055;202310;3;18,59241;248;5;2;6308;64692;48056;59475;773;94723;4062;8746;241686;12065;5627
GMAC ADM CONS  LTDA;49937055;202310;4;0,00000;0;0;0;0;0;0;0;0;0;0;0;0;0;0
GMAC ADM CONS  LTDA;49937055;202310;5;0,00000;0;0;0;0;0;0;0;0;0;0;0;0;0;0
GMAC ADM CONS  LTDA;49937055;202310;6;0,00000;0;0;0;0;0;0;0;0;0;0;0;0;0;0
GROSCON ADM. CONS. LTDA.;26228270;202310;1;22,89394;1;0;0;14;270;282;180;2;394;28;40;3184;182;28
GROSCON ADM. CONS. LTDA.;26228270;202310;2;20,90876;1;0;0;5;157;93;44;1;111;19;7;778;55;2
GROSCON ADM. CONS. LTDA.;26228270;202310;3;18,46926;5;0;0;49;175;690;502;10;1022;115;55;2174;290;37
GROSCON ADM. CONS. LTDA.;26228270;202310;4;0,00000;0;0;0;0;0;0;0;0;0;0;0;0;0;0
GROSCON ADM. CONS. LTDA.;26228270;202310;5;0,00000;0;0;0;0;0;0;0;0;0;0;0;0;0;0
GROSCON ADM. CONS. LTDA.;26228270;202310;6;0,00000;0;0;0;0;0;0;0;0;0;0;0;0;0;0
GUARAPIRANGA ADM. CONSÓRCIOS;26253658;202310;1;0,00000;0;0;0;0;0;0;0;0;0;0;0;0;0;0
GUARAPIRANGA ADM. CONSÓRCIOS;26253658;202310;2;0,00000;0;0;0;0;0;0;0;0;0;0;0;0;0;0
GUARAPIRANGA ADM. CONSÓRCIOS;26253658;202310;3;18,02150;7;0;0;18;317;1186;627;22;1713;25;75;1244;599;102
GUARAPIRANGA ADM. CONSÓRCIOS;26253658;202310;4;0,00000;0;0;0;0;0;0;0;0;0;0;0;0;0;0
GUARAPIRANGA ADM. CONSÓRCIOS;26253658;202310;5;0,00000;0;0;0;0;0;0;0;0;0;0;0;0;0;0
GUARAPIRANGA ADM. CONSÓRCIOS;26253658;202310;6;0,00000;0;0;0;0;0;0;0;0;0;0;0;0;0;0
H. CONSÓRCIO;03586655;202310;1;22,04098;1;0;0;0;278;121;1;0;108;14;0;956;56;8
H. CONSÓRCIO;03586655;202310;2;17,56667;1;0;0;0;225;15;0;0;9;6;0;248;5;0
H. CONSÓRCIO;03586655;202310;3;10,92381;5;0;0;0;180;420;0;0;253;167;0;432;253;0
H. CONSÓRCIO;03586655;202310;4;15,00000;2;0;0;0;62;158;0;0;84;74;0;181;84;0
H. CONSÓRCIO;03586655;202310;5;0,00000;0;0;0;0;0;0;0;0;0;0;0;0;0;0
H. CONSÓRCIO;03586655;202310;6;0,00000;0;0;0;0;0;0;0;0;0;0;0;0;0;0
HS ADM CONS LTDA;73516106;202310;1;21,97748;111;3;0;5111;46612;19582;117167;497;126124;1960;8665;124869;3349;7230
HS ADM CONS LTDA;73516106;202310;2;0,00000;0;0;0;0;0;0;0;0;0;0;0;0;0;0
HS ADM CONS LTDA;73516106;202310;3;14,87252;139;2;0;3673;22483;31502;81292;955;103349;3514;5931;81011;7145;3875
HS ADM CONS LTDA;73516106;202310;4;0,00000;0;0;0;0;0;0;0;0;0;0;0;0;0;0
HS ADM CONS LTDA;73516106;202310;5;0,00000;0;0;0;0;0;0;0;0;0;0;0;0;0;0
HS ADM CONS LTDA;73516106;202310;6;0,00000;0;0;0;0;0;0;0;0;0;0;0;0;0;0
IRMÃOS DE MARCO ADM CONS LTDA;03403333;202310;1;0,00000;0;0;0;0;0;0;0;0;0;0;0;0;0;0
IRMÃOS DE MARCO ADM CONS LTDA;03403333;202310;2;0,00000;0;0;0;0;0;0;0;0;0;0;0;0;0;0
IRMÃOS DE MARCO ADM CONS LTDA;03403333;202310;3;12,00000;1;0;0;1;18;57;53;2;83;13;14;20;5;5
IRMÃOS DE MARCO ADM CONS LTDA;03403333;202310;4;0,00000;0;0;0;0;0;0;0;0;0;0;0;0;0;0
IRMÃOS DE MARCO ADM CONS LTDA;03403333;202310;5;0,00000;0;0;0;0;0;0;0;0;0;0;0;0;0;0
IRMÃOS DE MARCO ADM CONS LTDA;03403333;202310;6;0,00000;0;0;0;0;0;0;0;0;0;0;0;0;0;0
ITAÚ ADM DE CONSÓRCIOS LTDA;00000776;202310;1;22,05641;251;2;0;5732;76076;52165;63751;731;87502;11912;16502;378242;17247;11951
ITAÚ ADM DE CONSÓRCIOS LTDA;00000776;202310;2;13,89745;7;0;0;194;65;1231;3819;96;3405;475;1170;3150;42;188
ITAÚ ADM DE CONSÓRCIOS LTDA;00000776;202310;3;18,65699;528;12;1;16417;12550;187265;213807;6196;236218;75461;89393;290779;52383;26380
ITAÚ ADM DE CONSÓRCIOS LTDA;00000776;202310;4;26,94780;55;1;0;2949;1052;7797;44970;702;25825;3996;22946;41279;341;2662
ITAÚ ADM DE CONSÓRCIOS LTDA;00000776;202310;5;0,00000;0;0;0;0;0;0;0;0;0;0;0;0;0;0
ITAÚ ADM DE CONSÓRCIOS LTDA;00000776;202310;6;0,00000;0;0;0;0;0;0;0;0;0;0;0;0;0;0
ITAÚ UNIBANCO VEÍCULOS ADM CONS LTDA.;42421776;202310;1;0,00000;0;0;0;0;0;0;0;0;0;0;0;0;0;0
ITAÚ UNIBANCO VEÍCULOS ADM CONS LTDA.;42421776;202310;2;0,00000;0;0;0;0;0;0;0;0;0;0;0;0;0;0
ITAÚ UNIBANCO VEÍCULOS ADM CONS LTDA.;42421776;202310;3;0,00000;0;0;0;0;0;0;0;0;0;0;0;0;0;0
ITAÚ UNIBANCO VEÍCULOS ADM CONS LTDA.;42421776;202310;4;0,00000;0;0;0;0;0;0;0;0;0;0;0;0;0;0
ITAÚ UNIBANCO VEÍCULOS ADM CONS LTDA.;42421776;202310;5;0,00000;0;0;0;0;0;0;0;0;0;0;0;0;0;0
ITAÚ UNIBANCO VEÍCULOS ADM CONS LTDA.;42421776;202310;6;0,00000;0;0;0;0;0;0;0;0;0;0;0;0;0;0
JUGASA ADM CONS S/A;83648303;202310;1;0,00000;0;0;0;0;0;0;0;0;0;0;0;0;0;0
JUGASA ADM CONS S/A;83648303;202310;2;0,00000;0;0;0;0;0;0;0;0;0;0;0;0;0;0
JUGASA ADM CONS S/A;83648303;202310;3;0,00000;0;0;0;0;0;0;0;0;0;0;0;0;0;0
JUGASA ADM CONS S/A;83648303;202310;4;0,00000;0;0;0;0;0;0;0;0;0;0;0;0;0;0
JUGASA ADM CONS S/A;83648303;202310;5;0,00000;0;0;0;0;0;0;0;0;0;0;0;0;0;0
JUGASA ADM CONS S/A;83648303;202310;6;0,00000;0;0;0;0;0;0;0;0;0;0;0;0;0;0
KLUBI;41629070;202310;1;0,00000;0;0;0;0;0;0;0;0;0;0;0;0;0;0
KLUBI;41629070;202310;2;0,00000;0;0;0;0;0;0;0;0;0;0;0;0;0;0
KLUBI;41629070;202310;3;16,78108;2;0;0;540;2336;385;2573;30;2329;11;618;3075;24;78
KLUBI;41629070;202310;4;13,24500;0;0;0;1;0;1;1;0;2;0;0;12;0;0
KLUBI;41629070;202310;5;19,75935;1;0;0;512;166;0;1972;0;749;0;1223;175;0;0
KLUBI;41629070;202310;6;0,00000;0;0;0;0;0;0;0;0;0;0;0;0;0;0
LUIZA ADM. CONS. LTDA;60250776;202310;1;20,16570;20;0;0;977;16344;6242;18325;115;19830;607;4130;59488;1448;1498
LUIZA ADM. CONS. LTDA;60250776;202310;2;15,35903;3;0;0;105;319;794;1928;20;2201;94;427;2877;302;95
LUIZA ADM. CONS. LTDA;60250776;202310;3;17,49697;45;1;0;1513;4613;20929;21359;523;35509;2486;4293;41982;7969;2641
LUIZA ADM. CONS. LTDA;60250776;202310;4;20,40035;29;1;0;407;3696;10986;6734;294;14730;1331;1659;18968;4931;1673
LUIZA ADM. CONS. LTDA;60250776;202310;5;23,54186;16;0;0;170;2819;3307;1741;115;3874;682;492;5269;1559;630
LUIZA ADM. CONS. LTDA;60250776;202310;6;20,74597;9;0;0;113;1269;2168;1773;102;3137;338;466;3656;757;429
MAGGI ADM CONS LTDA;04250224;202310;1;21,28761;8;0;0;170;2057;1610;2684;23;3730;111;453;4037;709;207
MAGGI ADM CONS LTDA;04250224;202310;2;13,62685;36;0;1;290;3431;9746;7613;202;15311;856;1192;8211;4919;648
MAGGI ADM CONS LTDA;04250224;202310;3;11,71600;25;0;0;216;2089;10438;3858;151;13248;585;463;8274;7363;296
MAGGI ADM CONS LTDA;04250224;202310;4;0,00000;0;0;0;0;0;0;0;0;0;0;0;0;0;0
MAGGI ADM CONS LTDA;04250224;202310;5;0,00000;0;0;0;0;0;0;0;0;0;0;0;0;0;0
MAGGI ADM CONS LTDA;04250224;202310;6;0,00000;0;0;0;0;0;0;0;0;0;0;0;0;0;0
MASSEY FERGUSON ADM DE CONS LTDA;45793395;202310;1;0,00000;0;0;0;0;0;0;0;0;0;0;0;0;0;0
MASSEY FERGUSON ADM DE CONS LTDA;45793395;202310;2;13,85467;27;0;0;240;2107;17688;6739;237;22242;1199;986;12695;11173;785
MASSEY FERGUSON ADM DE CONS LTDA;45793395;202310;3;0,00000;0;0;0;0;0;0;0;0;0;0;0;0;0;0
MASSEY FERGUSON ADM DE CONS LTDA;45793395;202310;4;0,00000;0;0;0;0;0;0;0;0;0;0;0;0;0;0
MASSEY FERGUSON ADM DE CONS LTDA;45793395;202310;5;0,00000;0;0;0;0;0;0;0;0;0;0;0;0;0;0
MASSEY FERGUSON ADM DE CONS LTDA;45793395;202310;6;0,00000;0;0;0;0;0;0;0;0;0;0;0;0;0;0
MENEGALLI ADM CONS LTDA;76853043;202310;1;19,62880;1;0;0;0;203;396;0;0;300;96;0;1907;300;0
MENEGALLI ADM CONS LTDA;76853043;202310;2;0,00000;0;0;0;0;0;0;0;0;0;0;0;0;0;0
MENEGALLI ADM CONS LTDA;76853043;202310;3;14,93920;10;0;0;31;36;838;707;26;1201;217;127;655;243;74
MENEGALLI ADM CONS LTDA;76853043;202310;4;18,00000;16;0;0;18;35;1250;945;33;1738;245;212;968;413;139
MENEGALLI ADM CONS LTDA;76853043;202310;5;15,41790;2;0;0;18;5;208;261;7;352;91;26;196;21;12
MENEGALLI ADM CONS LTDA;76853043;202310;6;0,00000;0;0;0;0;0;0;0;0;0;0;0;0;0;0
MERCABENCO;46349106;202310;1;17,68899;1;0;0;0;132;203;120;2;225;47;51;472;86;26
MERCABENCO;46349106;202310;2;11,86896;27;0;0;66;743;5629;1465;75;5722;1144;228;5773;3612;160
MERCABENCO;46349106;202310;3;12,08277;11;0;0;3;119;4994;825;24;4972;750;97;3812;3790;191
MERCABENCO;46349106;202310;4;0,00000;0;0;0;0;0;0;0;0;0;0;0;0;0;0
MERCABENCO;46349106;202310;5;11,53398;1;0;0;0;3;85;18;0;84;19;0;9;80;1
MERCABENCO;46349106;202310;6;12,48235;1;0;0;0;8;83;2;0;79;5;1;12;77;1
MINAUTO ADM. CONSORCIO;64479991;202310;1;0,00000;0;0;0;0;0;0;0;0;0;0;0;0;0;0
MINAUTO ADM. CONSORCIO;64479991;202310;2;0,00000;0;0;0;0;0;0;0;0;0;0;0;0;0;0
MINAUTO ADM. CONSORCIO;64479991;202310;3;15,73469;2;0;0;0;63;172;24;2;149;38;9;256;95;10
MINAUTO ADM. CONSORCIO;64479991;202310;4;0,00000;0;0;0;0;0;0;0;0;0;0;0;0;0;0
MINAUTO ADM. CONSORCIO;64479991;202310;5;0,00000;0;0;0;0;0;0;0;0;0;0;0;0;0;0
MINAUTO ADM. CONSORCIO;64479991;202310;6;0,00000;0;0;0;0;0;0;0;0;0;0;0;0;0;0
MOTOASA ADM. CONS. LTDA;05126027;202310;1;0,00000;0;0;0;0;0;0;0;0;0;0;0;0;0;0
MOTOASA ADM. CONS. LTDA;05126027;202310;2;0,00000;0;0;0;0;0;0;0;0;0;0;0;0;0;0
MOTOASA ADM. CONS. LTDA;05126027;202310;3;0,00000;0;0;0;0;0;0;0;0;0;0;0;0;0;0
MOTOASA ADM. CONS. LTDA;05126027;202310;4;19,24177;15;0;0;109;1889;13104;1619;49;13919;521;283;15661;11345;192
MOTOASA ADM. CONS. LTDA;05126027;202310;5;0,00000;0;0;0;0;0;0;0;0;0;0;0;0;0;0
MOTOASA ADM. CONS. LTDA;05126027;202310;6;0,00000;0;0;0;0;0;0;0;0;0;0;0;0;0;0
MULTIMARCAS ADM.CONS.LTDA.;04124922;202310;1;20,86738;28;1;0;1030;19225;1894;7466;24;6572;493;2295;101562;279;669
MULTIMARCAS ADM.CONS.LTDA.;04124922;202310;2;15,49813;6;0;0;112;4444;709;1166;11;1237;160;478;27393;50;124
MULTIMARCAS ADM.CONS.LTDA.;04124922;202310;3;17,16564;25;1;1;856;13464;5115;5215;59;7036;1416;1878;82032;1395;543
MULTIMARCAS ADM.CONS.LTDA.;04124922;202310;4;16,18683;21;0;1;395;11607;5215;2985;109;5491;1600;1109;58193;1373;748
MULTIMARCAS ADM.CONS.LTDA.;04124922;202310;5;0,00000;0;0;0;0;0;0;0;0;0;0;0;0;0;0
MULTIMARCAS ADM.CONS.LTDA.;04124922;202310;6;16,00000;2;0;0;32;434;76;103;1;89;33;57;1158;26;19
NOVOTEMPO ADM CONS;05395814;202310;1;0,00000;0;0;0;0;0;0;0;0;0;0;0;0;0;0
NOVOTEMPO ADM CONS;05395814;202310;2;13,34756;13;0;1;76;1183;2929;1329;30;3874;216;168;2615;1892;82
NOVOTEMPO ADM CONS;05395814;202310;3;0,00000;0;0;0;0;0;0;0;0;0;0;0;0;0;0
NOVOTEMPO ADM CONS;05395814;202310;4;21,36264;1;0;0;0;78;139;43;2;167;7;8;96;97;14
NOVOTEMPO ADM CONS;05395814;202310;5;0,00000;0;0;0;0;0;0;0;0;0;0;0;0;0;0
NOVOTEMPO ADM CONS;05395814;202310;6;0,00000;0;0;0;0;0;0;0;0;0;0;0;0;0;0
OPÇÃO ADM. CONSÓRCIO;20919916;202310;1;0,00000;0;0;0;0;0;0;0;0;0;0;0;0;0;0
OPÇÃO ADM. CONSÓRCIO;20919916;202310;2;0,00000;0;0;0;0;0;0;0;0;0;0;0;0;0;0
OPÇÃO ADM. CONSÓRCIO;20919916;202310;3;15,15228;3;0;0;15;144;529;264;10;693;70;30;478;195;43
OPÇÃO ADM. CONSÓRCIO;20919916;202310;4;20,69399;8;0;0;84;63;1752;877;38;2246;209;174;2343;889;89
OPÇÃO ADM. CONSÓRCIO;20919916;202310;5;0,00000;0;0;0;0;0;0;0;0;0;0;0;0;0;0
OPÇÃO ADM. CONSÓRCIO;20919916;202310;6;20,30682;1;0;0;0;32;13;75;1;51;1;36;33;0;6
PAN ADM CONS LTDA;50533876;202310;1;0,00000;0;0;0;0;0;0;0;0;0;0;0;0;0;0
PAN ADM CONS LTDA;50533876;202310;2;0,00000;0;0;0;0;0;0;0;0;0;0;0;0;0;0
PAN ADM CONS LTDA;50533876;202310;3;0,00000;0;0;0;0;0;0;0;0;0;0;0;0;0;0
PAN ADM CONS LTDA;50533876;202310;4;0,00000;0;0;0;0;0;0;0;0;0;0;0;0;0;0
PAN ADM CONS LTDA;50533876;202310;5;0,00000;0;0;0;0;0;0;0;0;0;0;0;0;0;0
PAN ADM CONS LTDA;50533876;202310;6;0,00000;0;0;0;0;0;0;0;0;0;0;0;0;0;0
PORTO SEGURO ADM. CONS. LTDA;48041735;202310;1;21,28154;269;18;2;3071;4376;63735;104286;732;154120;3706;10195;133354;29013;14639
PORTO SEGURO ADM. CONS. LTDA;48041735;202310;2;13,91436;22;0;0;310;265;1860;6442;80;7118;241;943;4504;189;619
PORTO SEGURO ADM. CONS. LTDA;48041735;202310;3;17,03800;369;8;4;3831;3959;55325;83981;1856;122202;5944;11160;64287;20419;11504
PORTO SEGURO ADM. CONS. LTDA;48041735;202310;4;0,00000;0;0;0;0;0;0;0;0;0;0;0;0;0;0
PORTO SEGURO ADM. CONS. LTDA;48041735;202310;5;22,00000;9;0;0;4;211;345;182;17;418;59;50;528;36;199
PORTO SEGURO ADM. CONS. LTDA;48041735;202310;6;0,00000;0;0;0;0;0;0;0;0;0;0;0;0;0;0
PORTOBENS ADM CONS LTDA;87433413;202310;1;0,00000;0;0;0;0;0;0;0;0;0;0;0;0;0;0
PORTOBENS ADM CONS LTDA;87433413;202310;2;13,24728;60;1;1;255;404;6573;4252;103;10306;251;268;3355;2874;3592
PORTOBENS ADM CONS LTDA;87433413;202310;3;14,55699;3;0;0;41;26;2327;860;23;2997;119;71;1836;1310;1067
PORTOBENS ADM CONS LTDA;87433413;202310;4;0,00000;0;0;0;0;0;0;0;0;0;0;0;0;0;0
PORTOBENS ADM CONS LTDA;87433413;202310;5;0,00000;0;0;0;0;0;0;0;0;0;0;0;0;0;0
PORTOBENS ADM CONS LTDA;87433413;202310;6;0,00000;0;0;0;0;0;0;0;0;0;0;0;0;0;0
PRIMO ROSSI ADM. CONS. LTDA;51597300;202310;1;21,40644;4;0;0;31;1610;2950;681;11;3283;233;115;6806;2035;157
PRIMO ROSSI ADM. CONS. LTDA;51597300;202310;2;13,81492;12;0;1;157;235;5136;4128;68;7904;721;639;5552;2738;279
PRIMO ROSSI ADM. CONS. LTDA;51597300;202310;3;19,63730;8;0;0;109;699;3976;1920;50;5153;392;351;5800;2506;183
PRIMO ROSSI ADM. CONS. LTDA;51597300;202310;4;21,29334;7;0;0;108;2916;5907;1990;58;6671;719;507;10916;4207;186
PRIMO ROSSI ADM. CONS. LTDA;51597300;202310;5;0,00000;0;0;0;0;0;0;0;0;0;0;0;0;0;0
PRIMO ROSSI ADM. CONS. LTDA;51597300;202310;6;0,00000;0;0;0;0;0;0;0;0;0;0;0;0;0;0
PROMOVE;09111444;202310;1;25,00000;2;0;0;179;692;30;989;2;621;10;388;2565;0;27
PROMOVE;09111444;202310;2;25,00000;1;0;0;93;213;13;507;1;332;4;184;965;0;8
PROMOVE;09111444;202310;3;20,80448;5;0;0;780;772;280;2816;19;2221;45;830;8104;49;127
PROMOVE;09111444;202310;4;20,55783;3;0;0;64;1056;458;411;9;659;92;118;2710;147;91
PROMOVE;09111444;202310;5;0,00000;0;0;0;0;0;0;0;0;0;0;0;0;0;0
PROMOVE;09111444;202310;6;0,00000;0;0;0;0;0;0;0;0;0;0;0;0;0;0
QUALINVEST ADM CONS LTDA.;27836377;202310;1;0,00000;0;0;0;0;0;0;0;0;0;0;0;0;0;0
QUALINVEST ADM CONS LTDA.;27836377;202310;2;13,74837;3;0;0;0;0;342;119;4;428;30;3;0;258;20
QUALINVEST ADM CONS LTDA.;27836377;202310;3;0,00000;0;0;0;0;0;0;0;0;0;0;0;0;0;0
QUALINVEST ADM CONS LTDA.;27836377;202310;4;0,00000;0;0;0;0;0;0;0;0;0;0;0;0;0;0
QUALINVEST ADM CONS LTDA.;27836377;202310;5;0,00000;0;0;0;0;0;0;0;0;0;0;0;0;0;0
QUALINVEST ADM CONS LTDA.;27836377;202310;6;0,00000;0;0;0;0;0;0;0;0;0;0;0;0;0;0
RANDON ADM CONSÓRCIOS LTDA.;91108027;202310;1;20,87157;18;0;0;354;1992;6448;7894;63;12234;1145;963;18271;2295;2001
RANDON ADM CONSÓRCIOS LTDA.;91108027;202310;2;13,14700;126;1;0;1939;2448;29061;38706;632;59283;4374;4110;16889;11069;7622
RANDON ADM CONSÓRCIOS LTDA.;91108027;202310;3;14,00364;14;0;0;163;822;3458;3787;95;6141;599;505;3579;1208;633
RANDON ADM CONSÓRCIOS LTDA.;91108027;202310;4;0,00000;0;0;0;0;0;0;0;0;0;0;0;0;0;0
RANDON ADM CONSÓRCIOS LTDA.;91108027;202310;5;9,70000;1;0;1;3;11;54;118;4;148;8;16;28;1;22
RANDON ADM CONSÓRCIOS LTDA.;91108027;202310;6;12,42785;1;0;0;11;14;48;110;5;111;11;36;19;0;16
RCN ADM CONS LTDA;06181431;202310;1;26,75318;6;0;0;215;493;65;1853;4;1290;12;616;3067;0;51
RCN ADM CONS LTDA;06181431;202310;2;26,73000;1;0;0;52;133;5;327;2;127;0;205;246;0;3
RCN ADM CONS LTDA;06181431;202310;3;26,58000;3;0;0;253;254;144;2004;32;1186;35;927;5238;0;65
RCN ADM CONS LTDA;06181431;202310;4;41,62000;22;0;0;114;330;3906;4453;96;6787;493;1079;3049;1233;715
RCN ADM CONS LTDA;06181431;202310;5;0,00000;0;0;0;0;0;0;0;0;0;0;0;0;0;0
RCN ADM CONS LTDA;06181431;202310;6;0,00000;0;0;0;0;0;0;0;0;0;0;0;0;0;0
RECON ADM. DE CONSORCIOS LTDA;23767155;202310;1;21,25367;5;0;0;288;4005;1643;3939;29;4452;179;951;24608;442;427
RECON ADM. DE CONSORCIOS LTDA;23767155;202310;2;0,00000;0;0;0;0;0;0;0;0;0;0;0;0;0;0
RECON ADM. DE CONSORCIOS LTDA;23767155;202310;3;18,50467;24;1;0;602;8777;8391;7873;154;12579;1269;2416;34319;3662;876
RECON ADM. DE CONSORCIOS LTDA;23767155;202310;4;17,74324;4;0;0;162;701;1378;1247;31;2074;182;369;4260;694;168
RECON ADM. DE CONSORCIOS LTDA;23767155;202310;5;0,00000;0;0;0;0;0;0;0;0;0;0;0;0;0;0
RECON ADM. DE CONSORCIOS LTDA;23767155;202310;6;19,06957;1;0;0;21;108;77;153;11;154;12;64;353;5;38
REDE OESTE ADM DE CONS LTDA;92002609;202310;1;21,86020;1;0;0;15;242;51;421;2;405;5;62;712;1;16
REDE OESTE ADM DE CONS LTDA;92002609;202310;2;14,00000;0;0;0;0;0;58;0;0;34;24;0;79;12;2
REDE OESTE ADM DE CONS LTDA;92002609;202310;3;14,31540;15;0;0;79;184;1853;2530;54;3756;332;295;2990;429;137
REDE OESTE ADM DE CONS LTDA;92002609;202310;4;0,00000;0;0;0;0;0;0;0;0;0;0;0;0;0;0
REDE OESTE ADM DE CONS LTDA;92002609;202310;5;0,00000;0;0;0;0;0;0;0;0;0;0;0;0;0;0
REDE OESTE ADM DE CONS LTDA;92002609;202310;6;19,20750;1;0;1;3;12;28;25;1;42;7;4;20;1;3
REDENÇÃO ADM DE CONSÓRCIO;62246228;202310;1;0,00000;0;0;0;0;0;0;0;0;0;0;0;0;0;0
REDENÇÃO ADM DE CONSÓRCIO;62246228;202310;2;0,00000;0;0;0;0;0;0;0;0;0;0;0;0;0;0
REDENÇÃO ADM DE CONSÓRCIO;62246228;202310;3;16,43747;9;0;0;52;869;906;701;15;1419;104;84;2048;440;64
REDENÇÃO ADM DE CONSÓRCIO;62246228;202310;4;18,33158;1;0;0;0;106;60;54;2;94;12;8;202;9;14
REDENÇÃO ADM DE CONSÓRCIO;62246228;202310;5;0,00000;0;0;0;0;0;0;0;0;0;0;0;0;0;0
REDENÇÃO ADM DE CONSÓRCIO;62246228;202310;6;8,31468;2;0;0;0;1;27;44;2;70;1;0;3;0;1
REMAZA ADM CONS LTDA;62354055;202310;1;20,07002;38;0;0;118;10874;3851;4721;44;7540;392;640;34581;713;844
REMAZA ADM CONS LTDA;62354055;202310;2;0,00000;0;0;0;0;0;0;0;0;0;0;0;0;0;0
REMAZA ADM CONS LTDA;62354055;202310;3;20,07833;13;0;0;156;2678;2221;2034;39;3646;276;333;10061;805;262
REMAZA ADM CONS LTDA;62354055;202310;4;20,04405;30;0;0;65;1548;1884;863;39;2277;260;210;5947;831;359
REMAZA ADM CONS LTDA;62354055;202310;5;0,00000;0;0;0;0;0;0;0;0;0;0;0;0;0;0
REMAZA ADM CONS LTDA;62354055;202310;6;0,00000;0;0;0;0;0;0;0;0;0;0;0;0;0;0
RIVEL ADM.CONSORCIOS;80402746;202310;1;22,06423;2;0;0;220;736;555;1116;6;1417;108;146;3007;204;52
RIVEL ADM.CONSORCIOS;80402746;202310;2;0,00000;0;0;0;0;0;0;0;0;0;0;0;0;0;0
RIVEL ADM.CONSORCIOS;80402746;202310;3;12,23654;13;0;1;63;429;1070;1103;26;1910;145;118;1016;446;129
RIVEL ADM.CONSORCIOS;80402746;202310;4;16,99748;8;0;0;29;342;765;825;16;1369;102;119;974;278;118
RIVEL ADM.CONSORCIOS;80402746;202310;5;0,00000;0;0;0;0;0;0;0;0;0;0;0;0;0;0
RIVEL ADM.CONSORCIOS;80402746;202310;6;0,00000;0;0;0;0;0;0;0;0;0;0;0;0;0;0
RODOBENS ADM CONSORCIOS LTDA;51855716;202310;1;23,92247;88;3;1;1500;6608;16625;31025;130;42860;803;3987;64475;5994;5040
RODOBENS ADM CONSORCIOS LTDA;51855716;202310;2;14,86337;2;0;0;9;76;210;306;8;463;17;36;485;44;108
RODOBENS ADM CONSORCIOS LTDA;51855716;202310;3;16,75524;148;4;3;1142;2102;19216;16057;169;31781;1379;2113;20908;8610;10762
RODOBENS ADM CONSORCIOS LTDA;51855716;202310;4;19,14067;19;1;0;145;479;3275;2289;46;4852;252;460;4655;1421;1712
RODOBENS ADM CONSORCIOS LTDA;51855716;202310;5;0,00000;0;0;0;0;0;0;0;0;0;0;0;0;0;0
RODOBENS ADM CONSORCIOS LTDA;51855716;202310;6;25,00101;21;1;0;140;181;2224;1722;63;2974;575;397;3314;680;1041
SANMELL ADM. CONS. LTDA.;46206611;202310;1;0,00000;0;0;0;0;0;0;0;0;0;0;0;0;0;0
SANMELL ADM. CONS. LTDA.;46206611;202310;2;0,00000;0;0;0;0;0;0;0;0;0;0;0;0;0;0
SANMELL ADM. CONS. LTDA.;46206611;202310;3;0,00000;0;0;0;0;0;0;0;0;0;0;0;0;0;0
SANMELL ADM. CONS. LTDA.;46206611;202310;4;0,00000;0;0;1;0;0;0;0;0;0;0;0;0;0;0
SANMELL ADM. CONS. LTDA.;46206611;202310;5;0,00000;0;0;0;0;0;0;0;0;0;0;0;0;0;0
SANMELL ADM. CONS. LTDA.;46206611;202310;6;0,00000;0;0;0;0;0;0;0;0;0;0;0;0;0;0
SANTA FÉ ADM CONS LTDA;80674393;202310;1;0,00000;0;0;0;0;0;0;0;0;0;0;0;0;0;0
SANTA FÉ ADM CONS LTDA;80674393;202310;2;0,00000;0;0;0;0;0;0;0;0;0;0;0;0;0;0
SANTA FÉ ADM CONS LTDA;80674393;202310;3;12,50000;6;1;0;30;0;31;137;7;151;5;12;1;0;10
SANTA FÉ ADM CONS LTDA;80674393;202310;4;0,00000;0;0;0;0;0;0;0;0;0;0;0;0;0;0
SANTA FÉ ADM CONS LTDA;80674393;202310;5;0,00000;0;0;0;0;0;0;0;0;0;0;0;0;0;0
SANTA FÉ ADM CONS LTDA;80674393;202310;6;0,00000;0;0;0;0;0;0;0;0;0;0;0;0;0;0
SANTANDER BRASIL ADM CONS LTDA;55942312;202310;1;20,89163;99;1;0;5447;34646;12847;55376;364;61790;819;5614;125279;1582;4171
SANTANDER BRASIL ADM CONS LTDA;55942312;202310;2;10,68692;18;0;0;129;517;6940;5677;171;11558;845;214;8362;1191;791
SANTANDER BRASIL ADM CONS LTDA;55942312;202310;3;14,13447;228;6;5;5785;17370;161855;107384;4613;229128;30766;9345;246500;54169;20994
SANTANDER BRASIL ADM CONS LTDA;55942312;202310;4;20,90197;4;1;0;553;525;485;4725;79;4882;13;315;2167;19;129
SANTANDER BRASIL ADM CONS LTDA;55942312;202310;5;18,14055;8;0;0;1;3706;2166;1889;116;3851;78;126;5418;186;1430
SANTANDER BRASIL ADM CONS LTDA;55942312;202310;6;16,57331;5;0;2;0;1192;2422;13;8;2233;194;8;2959;1916;552
SCANIA ADM CONS LTDA.;96479258;202310;1;0,00000;0;0;0;0;0;0;0;0;0;0;0;0;0;0
SCANIA ADM CONS LTDA.;96479258;202310;2;12,51022;60;1;2;448;44;11026;7835;179;18059;482;320;4124;4003;3031
SCANIA ADM CONS LTDA.;96479258;202310;3;0,00000;0;0;0;0;0;0;0;0;0;0;0;0;0;0
SCANIA ADM CONS LTDA.;96479258;202310;4;0,00000;0;0;0;0;0;0;0;0;0;0;0;0;0;0
SCANIA ADM CONS LTDA.;96479258;202310;5;0,00000;0;0;0;0;0;0;0;0;0;0;0;0;0;0
SCANIA ADM CONS LTDA.;96479258;202310;6;0,00000;0;0;0;0;0;0;0;0;0;0;0;0;0;0
SERRANA ADM CONSÓRCIOS LTDA.;89472310;202310;1;0,00000;0;0;0;0;0;0;0;0;0;0;0;0;0;0
SERRANA ADM CONSÓRCIOS LTDA.;89472310;202310;2;0,00000;0;0;0;0;0;0;0;0;0;0;0;0;0;0
SERRANA ADM CONSÓRCIOS LTDA.;89472310;202310;3;14,15590;39;1;0;41;82;1127;895;35;1664;177;181;190;450;154
SERRANA ADM CONSÓRCIOS LTDA.;89472310;202310;4;0,00000;0;0;0;0;0;0;0;0;0;0;0;0;0;0
SERRANA ADM CONSÓRCIOS LTDA.;89472310;202310;5;0,00000;0;0;0;0;0;0;0;0;0;0;0;0;0;0
SERRANA ADM CONSÓRCIOS LTDA.;89472310;202310;6;0,00000;0;0;0;0;0;0;0;0;0;0;0;0;0;0
SERVOPA ADM CONSÓRCIOS;76515071;202310;1;21,33187;44;2;0;1412;4646;7562;23045;99;24454;1054;5099;20814;2087;1407
SERVOPA ADM CONSÓRCIOS;76515071;202310;2;13,38770;1;0;0;6;7;140;252;5;329;19;44;96;11;38
SERVOPA ADM CONSÓRCIOS;76515071;202310;3;14,35480;111;2;6;1155;265;16492;14949;393;26617;2058;2766;8020;7559;2694
SERVOPA ADM CONSÓRCIOS;76515071;202310;4;16,66880;25;0;1;53;244;3974;2181;94;5177;524;454;2865;1610;882
SERVOPA ADM CONSÓRCIOS;76515071;202310;5;0,00000;0;0;0;0;0;0;0;0;0;0;0;0;0;0
SERVOPA ADM CONSÓRCIOS;76515071;202310;6;0,00000;0;0;0;0;0;0;0;0;0;0;0;0;0;0
SICOOB ADM CONS LTDA.;16551061;202310;1;8,26388;63;0;0;371;1223;21819;35264;448;54668;684;1731;23779;4884;6705
SICOOB ADM CONS LTDA.;16551061;202310;2;7,85866;10;0;0;105;185;2674;6105;120;8221;151;407;2857;188;987
SICOOB ADM CONS LTDA.;16551061;202310;3;7,40967;218;1;1;1979;500;121933;93206;3269;203464;5852;5823;57831;43025;21811
SICOOB ADM CONS LTDA.;16551061;202310;4;7,46885;38;0;1;420;137;19150;18706;549;35625;1039;1192;10738;6478;5533
SICOOB ADM CONS LTDA.;16551061;202310;5;12,52694;7;0;0;107;43;3299;2589;82;5340;384;164;1533;592;694
SICOOB ADM CONS LTDA.;16551061;202310;6;9,14630;43;0;2;324;181;12216;9101;357;19093;1586;638;5120;4515;2877
SIMAO ADM. CONS. LTDA;50543883;202310;1;0,00000;0;0;0;0;0;0;0;0;0;0;0;0;0;0
SIMAO ADM. CONS. LTDA;50543883;202310;2;0,00000;0;0;0;0;0;0;0;0;0;0;0;0;0;0
SIMAO ADM. CONS. LTDA;50543883;202310;3;16,00000;1;0;0;0;67;53;0;0;53;0;0;94;53;0
SIMAO ADM. CONS. LTDA;50543883;202310;4;0,00000;0;0;0;0;0;0;0;0;0;0;0;0;0;0
SIMAO ADM. CONS. LTDA;50543883;202310;5;0,00000;0;0;0;0;0;0;0;0;0;0;0;0;0;0
SIMAO ADM. CONS. LTDA;50543883;202310;6;0,00000;0;0;0;0;0;0;0;0;0;0;0;0;0;0
SIMPALA ADM CONSÓRCIOS LTDA.;87945218;202310;1;26,64957;1;0;0;28;87;7;227;0;160;2;72;91;0;7
SIMPALA ADM CONSÓRCIOS LTDA.;87945218;202310;2;0,00000;0;0;0;0;0;0;0;0;0;0;0;0;0;0
SIMPALA ADM CONSÓRCIOS LTDA.;87945218;202310;3;24,21910;44;0;0;3279;14177;2910;18117;99;13722;739;6566;42219;653;582
SIMPALA ADM CONSÓRCIOS LTDA.;87945218;202310;4;0,00000;0;0;0;0;0;0;0;0;0;0;0;0;0;0
SIMPALA ADM CONSÓRCIOS LTDA.;87945218;202310;5;0,00000;0;0;0;0;0;0;0;0;0;0;0;0;0;0
SIMPALA ADM CONSÓRCIOS LTDA.;87945218;202310;6;0,00000;0;0;0;0;0;0;0;0;0;0;0;0;0;0
SINOSSERRA ADM CONSÓRCIOS S.A.;87852273;202310;1;24,12529;6;0;0;60;417;1489;1482;16;2651;128;192;6850;441;332
SINOSSERRA ADM CONSÓRCIOS S.A.;87852273;202310;2;0,00000;0;0;0;0;0;0;0;0;0;0;0;0;0;0
SINOSSERRA ADM CONSÓRCIOS S.A.;87852273;202310;3;14,38070;9;0;0;22;50;671;548;15;1116;53;50;695;196;168
SINOSSERRA ADM CONSÓRCIOS S.A.;87852273;202310;4;0,00000;0;0;0;0;0;0;0;0;0;0;0;0;0;0
SINOSSERRA ADM CONSÓRCIOS S.A.;87852273;202310;5;0,00000;0;0;0;0;0;0;0;0;0;0;0;0;0;0
SINOSSERRA ADM CONSÓRCIOS S.A.;87852273;202310;6;0,00000;0;0;0;0;0;0;0;0;0;0;0;0;0;0
SOLUÇÃO ADM. DE CONSÓRCIOS LTD;04058605;202310;1;0,00000;0;0;0;0;0;0;0;0;0;0;0;0;0;0
SOLUÇÃO ADM. DE CONSÓRCIOS LTD;04058605;202310;2;0,00000;0;0;0;0;0;0;0;0;0;0;0;0;0;0
SOLUÇÃO ADM. DE CONSÓRCIOS LTD;04058605;202310;3;10,17180;2;0;0;9;1;228;162;6;337;32;21;250;98;25
SOLUÇÃO ADM. DE CONSÓRCIOS LTD;04058605;202310;4;17,64047;30;0;1;535;368;6565;4847;212;9952;769;691;9821;2804;439
SOLUÇÃO ADM. DE CONSÓRCIOS LTD;04058605;202310;5;0,00000;0;0;0;0;0;0;0;0;0;0;0;0;0;0
SOLUÇÃO ADM. DE CONSÓRCIOS LTD;04058605;202310;6;0,00000;0;0;0;0;0;0;0;0;0;0;0;0;0;0
SPERTA ADM CONSORCIO NAC LTDA;54708839;202310;1;0,00000;0;0;0;0;0;0;0;0;0;0;0;0;0;0
SPERTA ADM CONSORCIO NAC LTDA;54708839;202310;2;0,00000;0;0;0;0;0;0;0;0;0;0;0;0;0;0
SPERTA ADM CONSORCIO NAC LTDA;54708839;202310;3;0,00000;0;0;0;0;0;0;0;0;0;0;0;0;0;0
SPERTA ADM CONSORCIO NAC LTDA;54708839;202310;4;4,90064;19;0;1;376;425;19223;8173;395;24891;1279;1226;8678;10363;628
SPERTA ADM CONSORCIO NAC LTDA;54708839;202310;5;0,00000;0;0;0;0;0;0;0;0;0;0;0;0;0;0
SPERTA ADM CONSORCIO NAC LTDA;54708839;202310;6;0,00000;0;0;0;0;0;0;0;0;0;0;0;0;0;0
SPONCHIADO ADM CONSÓRCIOS LTDA.;87636635;202310;1;22,31874;6;0;0;64;904;759;863;9;1196;97;329;4850;277;120
SPONCHIADO ADM CONSÓRCIOS LTDA.;87636635;202310;2;13,68814;1;0;0;0;143;193;1;2;159;35;0;975;93;17
SPONCHIADO ADM CONSÓRCIOS LTDA.;87636635;202310;3;14,75123;10;0;0;80;692;1547;1508;39;2628;173;254;2423;535;219
SPONCHIADO ADM CONSÓRCIOS LTDA.;87636635;202310;4;0,00000;0;0;0;0;0;0;0;0;0;0;0;0;0;0
SPONCHIADO ADM CONSÓRCIOS LTDA.;87636635;202310;5;0,00000;0;0;0;0;0;0;0;0;0;0;0;0;0;0
SPONCHIADO ADM CONSÓRCIOS LTDA.;87636635;202310;6;0,00000;0;0;0;0;0;0;0;0;0;0;0;0;0;0
SUZUKI MOTOS ADM. CONS. LTDA;57723801;202310;1;0,00000;0;0;0;0;0;0;0;0;0;0;0;0;0;0
SUZUKI MOTOS ADM. CONS. LTDA;57723801;202310;2;0,00000;0;0;0;0;0;0;0;0;0;0;0;0;0;0
SUZUKI MOTOS ADM. CONS. LTDA;57723801;202310;3;0,00000;0;0;0;0;0;0;0;0;0;0;0;0;0;0
SUZUKI MOTOS ADM. CONS. LTDA;57723801;202310;4;21,67090;18;0;1;235;744;2016;1573;68;3046;279;264;5384;635;221
SUZUKI MOTOS ADM. CONS. LTDA;57723801;202310;5;0,00000;0;0;0;0;0;0;0;0;0;0;0;0;0;0
SUZUKI MOTOS ADM. CONS. LTDA;57723801;202310;6;0,00000;0;0;0;0;0;0;0;0;0;0;0;0;0;0
TARRAF ADM CONS LTDA;53211488;202310;1;25,21166;3;0;0;39;327;528;981;9;1305;48;156;2394;248;128
TARRAF ADM CONS LTDA;53211488;202310;2;16,44532;2;0;0;25;113;310;694;9;861;31;112;643;59;60
TARRAF ADM CONS LTDA;53211488;202310;3;19,33229;10;1;0;199;165;3369;2940;79;5309;414;586;4248;1323;476
TARRAF ADM CONS LTDA;53211488;202310;4;19,77957;11;1;0;89;100;4882;2386;86;6111;583;574;5075;2766;591
TARRAF ADM CONS LTDA;53211488;202310;5;0,00000;0;0;0;0;0;0;0;0;0;0;0;0;0;0
TARRAF ADM CONS LTDA;53211488;202310;6;0,00000;0;0;0;0;0;0;0;0;0;0;0;0;0;0
TOYOTA ADM CONS BRASIL LTDA.;43707203;202310;1;0,00000;0;0;0;0;0;0;0;0;0;0;0;0;0;0
TOYOTA ADM CONS BRASIL LTDA.;43707203;202310;2;0,00000;0;0;0;0;0;0;0;0;0;0;0;0;0;0
TOYOTA ADM CONS BRASIL LTDA.;43707203;202310;3;17,06819;8;0;0;870;234;843;5230;91;5251;16;806;2654;34;186
TOYOTA ADM CONS BRASIL LTDA.;43707203;202310;4;0,00000;0;0;0;0;0;0;0;0;0;0;0;0;0;0
TOYOTA ADM CONS BRASIL LTDA.;43707203;202310;5;0,00000;0;0;0;0;0;0;0;0;0;0;0;0;0;0
TOYOTA ADM CONS BRASIL LTDA.;43707203;202310;6;0,00000;0;0;0;0;0;0;0;0;0;0;0;0;0;0
TRADIÇÃO ADM CONS. LTDA.;59956185;202310;1;23,81868;2;0;0;158;2587;297;929;1;825;23;378;4354;199;55
TRADIÇÃO ADM CONS. LTDA.;59956185;202310;2;17,99029;1;0;0;18;405;36;67;1;84;6;13;958;1;6
TRADIÇÃO ADM CONS. LTDA.;59956185;202310;3;21,07504;17;1;0;1304;33254;3975;8627;132;8987;772;2843;70428;921;411
TRADIÇÃO ADM CONS. LTDA.;59956185;202310;4;32,52857;1;0;0;36;4;1;69;0;54;1;15;4;1;1
TRADIÇÃO ADM CONS. LTDA.;59956185;202310;5;0,00000;0;0;0;0;0;0;0;0;0;0;0;0;0;0
TRADIÇÃO ADM CONS. LTDA.;59956185;202310;6;0,00000;0;0;0;3;0;0;0;0;0;0;0;0;0;0
TÁGIDE CONSÓRCIOS;05551841;202310;1;31,23230;1;0;0;1;589;25;74;1;77;4;18;1066;0;22
TÁGIDE CONSÓRCIOS;05551841;202310;2;0,00000;0;0;0;0;0;0;0;0;0;0;0;0;0;0
TÁGIDE CONSÓRCIOS;05551841;202310;3;21,97470;2;0;0;3;822;77;101;2;146;15;17;1843;1;10
TÁGIDE CONSÓRCIOS;05551841;202310;4;30,39750;2;0;0;2;638;47;75;1;111;8;3;1037;0;17
TÁGIDE CONSÓRCIOS;05551841;202310;5;0,00000;0;0;0;0;0;0;0;0;0;0;0;0;0;0
TÁGIDE CONSÓRCIOS;05551841;202310;6;0,00000;0;0;0;0;0;0;0;0;0;0;0;0;0;0
UNAFISCO-ASS NAC AUD FISC RFB;50586247;202310;1;0,00000;0;0;0;0;0;0;0;0;0;0;0;0;0;0
UNAFISCO-ASS NAC AUD FISC RFB;50586247;202310;2;0,00000;0;0;0;0;0;0;0;0;0;0;0;0;0;0
UNAFISCO-ASS NAC AUD FISC RFB;50586247;202310;3;5,00000;2;0;0;0;8;112;80;4;190;1;1;8;23;16
UNAFISCO-ASS NAC AUD FISC RFB;50586247;202310;4;0,00000;0;0;0;0;0;0;0;0;0;0;0;0;0;0
UNAFISCO-ASS NAC AUD FISC RFB;50586247;202310;5;0,00000;0;0;0;0;0;0;0;0;0;0;0;0;0;0
UNAFISCO-ASS NAC AUD FISC RFB;50586247;202310;6;0,00000;0;0;0;0;0;0;0;0;0;0;0;0;0;0
UNECONSORCIO;46931655;202310;1;0,00000;0;0;0;0;0;0;0;0;0;0;0;0;0;0
UNECONSORCIO;46931655;202310;2;0,00000;0;0;0;0;0;0;0;0;0;0;0;0;0;0
UNECONSORCIO;46931655;202310;3;10,03594;2;0;0;49;120;104;369;8;454;2;17;145;3;43
UNECONSORCIO;46931655;202310;4;0,00000;0;0;0;0;0;0;0;0;0;0;0;0;0;0
UNECONSORCIO;46931655;202310;5;0,00000;0;0;0;0;0;0;0;0;0;0;0;0;0;0
UNECONSORCIO;46931655;202310;6;21,23598;2;0;0;4;85;136;78;4;183;29;2;92;70;25
UNIFISA ADM NAC CONS LTDA;60732997;202310;1;21,25651;19;0;0;662;2941;4595;5790;57;9657;336;392;34741;1763;997
UNIFISA ADM NAC CONS LTDA;60732997;202310;2;15,86940;4;0;0;75;148;1305;518;18;1670;114;39;4176;760;140
UNIFISA ADM NAC CONS LTDA;60732997;202310;3;15,73074;25;0;0;438;1964;7222;3687;104;9989;677;243;17317;3685;965
UNIFISA ADM NAC CONS LTDA;60732997;202310;4;16,53764;12;0;0;58;416;2320;604;43;2616;262;46;6540;1331;449
UNIFISA ADM NAC CONS LTDA;60732997;202310;5;0,00000;0;0;0;0;0;0;0;0;0;0;0;0;0;0
UNIFISA ADM NAC CONS LTDA;60732997;202310;6;22,52847;8;0;0;45;238;389;280;27;573;69;27;1236;157;111
UNIÃO CATARINENSE ADM CONS LTD;83553883;202310;1;20,68269;8;0;0;111;1236;1979;2834;23;4313;287;213;5918;714;131
UNIÃO CATARINENSE ADM CONS LTD;83553883;202310;2;0,00000;0;0;0;0;0;0;0;0;0;0;0;0;0;0
UNIÃO CATARINENSE ADM CONS LTD;83553883;202310;3;13,93950;15;0;1;25;159;2345;1169;43;3189;221;104;1291;1251;184
UNIÃO CATARINENSE ADM CONS LTD;83553883;202310;4;0,00000;0;0;0;0;0;0;0;0;0;0;0;0;0;0
UNIÃO CATARINENSE ADM CONS LTD;83553883;202310;5;0,00000;0;0;0;0;0;0;0;0;0;0;0;0;0;0
UNIÃO CATARINENSE ADM CONS LTD;83553883;202310;6;18,80860;3;0;2;0;57;75;87;4;145;11;6;93;2;15
VALTRA ADM CONS LTDA;56360266;202310;1;0,00000;0;0;0;0;0;0;0;0;0;0;0;0;0;0
VALTRA ADM CONS LTDA;56360266;202310;2;13,87670;21;0;0;235;1640;11996;6446;153;16628;935;879;8812;6790;628
VALTRA ADM CONS LTDA;56360266;202310;3;0,00000;0;0;0;0;0;0;0;0;0;0;0;0;0;0
VALTRA ADM CONS LTDA;56360266;202310;4;0,00000;0;0;0;0;0;0;0;0;0;0;0;0;0;0
VALTRA ADM CONS LTDA;56360266;202310;5;0,00000;0;0;0;0;0;0;0;0;0;0;0;0;0;0
VALTRA ADM CONS LTDA;56360266;202310;6;0,00000;0;0;0;0;0;0;0;0;0;0;0;0;0;0
VEMAR ADM DE CONSÓRCIO LTDA;45594223;202310;1;0,00000;0;0;0;0;0;0;0;0;0;0;0;0;0;0
VEMAR ADM DE CONSÓRCIO LTDA;45594223;202310;2;0,00000;0;0;0;0;0;0;0;0;0;0;0;0;0;0
VEMAR ADM DE CONSÓRCIO LTDA;45594223;202310;3;0,00000;0;0;0;0;0;0;0;0;0;0;0;0;0;0
VEMAR ADM DE CONSÓRCIO LTDA;45594223;202310;4;0,00000;0;0;0;0;0;0;0;0;0;0;0;0;0;0
VEMAR ADM DE CONSÓRCIO LTDA;45594223;202310;5;0,00000;0;0;0;0;0;0;0;0;0;0;0;0;0;0
VEMAR ADM DE CONSÓRCIO LTDA;45594223;202310;6;0,00000;0;0;0;0;0;0;0;0;0;0;0;0;0;0
VINAC ADM DE CONSÓRCIOS LTDA;49995293;202310;1;0,00000;0;0;0;0;0;0;0;0;0;0;0;0;0;0
VINAC ADM DE CONSÓRCIOS LTDA;49995293;202310;2;0,00000;0;0;0;0;0;0;0;0;0;0;0;0;0;0
VINAC ADM DE CONSÓRCIOS LTDA;49995293;202310;3;12,00000;133;2;3;293;8;9989;5963;276;14065;1094;793;834;4824;84
VINAC ADM DE CONSÓRCIOS LTDA;49995293;202310;4;0,00000;0;0;0;0;0;0;0;0;0;0;0;0;0;0
VINAC ADM DE CONSÓRCIOS LTDA;49995293;202310;5;0,00000;0;0;0;0;0;0;0;0;0;0;0;0;0;0
VINAC ADM DE CONSÓRCIOS LTDA;49995293;202310;6;0,00000;0;0;0;0;0;0;0;0;0;0;0;0;0;0
VIVIANI ADM CONS NACIONAL LTDA.;22245020;202310;1;0,00000;0;0;0;0;0;0;0;0;0;0;0;0;0;0
VIVIANI ADM CONS NACIONAL LTDA.;22245020;202310;2;0,00000;0;0;0;0;0;0;0;0;0;0;0;0;0;0
VIVIANI ADM CONS NACIONAL LTDA.;22245020;202310;3;16,58342;5;0;0;42;215;490;487;13;856;46;75;1220;106;73
VIVIANI ADM CONS NACIONAL LTDA.;22245020;202310;4;0,00000;0;0;0;0;0;0;0;0;0;0;0;0;0;0
VIVIANI ADM CONS NACIONAL LTDA.;22245020;202310;5;0,00000;0;0;0;0;0;0;0;0;0;0;0;0;0;0
VIVIANI ADM CONS NACIONAL LTDA.;22245020;202310;6;0,00000;0;0;0;0;0;0;0;0;0;0;0;0;0;0
XS5 ADM CONS S.A.;40011095;202310;1;17,23181;33;0;0;2996;4405;1506;40920;148;37457;30;4939;17737;20;1143
XS5 ADM CONS S.A.;40011095;202310;2;14,32869;8;0;0;512;241;940;6656;75;6982;39;575;1333;7;350
XS5 ADM CONS S.A.;40011095;202310;3;15,82006;44;0;0;3988;3687;10239;49928;808;54394;577;5196;15930;205;3579
XS5 ADM CONS S.A.;40011095;202310;4;0,00000;0;0;0;0;0;0;0;0;0;0;0;0;0;0
XS5 ADM CONS S.A.;40011095;202310;5;0,00000;0;0;0;0;0;0;0;0;0;0;0;0;0;0
XS5 ADM CONS S.A.;40011095;202310;6;0,00000;0;0;0;0;0;0;0;0;0;0;0;0;0;0
YAMAHA ADM CONS LTDA;47458153;202310;1;20,38414;9;0;0;225;1019;828;3541;18;3670;121;578;7972;51;435
YAMAHA ADM CONS LTDA;47458153;202310;2;14,43668;1;0;0;86;0;3;226;2;210;0;19;3;0;3
YAMAHA ADM CONS LTDA;47458153;202310;3;15,23339;32;1;0;822;99;10183;8181;308;14897;2006;1461;12450;2501;865
YAMAHA ADM CONS LTDA;47458153;202310;4;21,09921;165;2;0;4113;2237;59227;40173;1436;77903;13117;8380;121716;17272;4074
YAMAHA ADM CONS LTDA;47458153;202310;5;19,32757;0;0;0;168;0;3397;2881;112;5120;569;589;4318;928;342
YAMAHA ADM CONS LTDA;47458153;202310;6;0,00000;0;0;0;0;0;0;0;0;0;0;0;0;0;0
ZEMA ADM. CONSÓRCIO  LTDA;23367634;202310;1;27,89874;12;0;0;1031;2550;1854;7064;42;7177;314;1427;42731;406;564
ZEMA ADM. CONSÓRCIO  LTDA;23367634;202310;2;27,02565;2;1;0;113;172;18;947;3;608;2;355;1272;0;7
ZEMA ADM. CONSÓRCIO  LTDA;23367634;202310;3;23,37793;19;0;0;273;2118;6023;2329;94;6483;1283;586;30148;3087;376
ZEMA ADM. CONSÓRCIO  LTDA;23367634;202310;4;0,00000;0;0;0;0;0;0;0;0;0;0;0;0;0;0
ZEMA ADM. CONSÓRCIO  LTDA;23367634;202310;5;0,00000;0;0;0;0;0;0;0;0;0;0;0;0;0;0
ZEMA ADM. CONSÓRCIO  LTDA;23367634;202310;6;23,01955;1;0;0;12;176;28;128;3;111;13;32;427;0;7
ÁPICE ADM DE CONSORCIO LTDA;03762583;202310;1;0,00000;0;0;0;0;0;0;0;0;0;0;0;0;0;0
ÁPICE ADM DE CONSORCIO LTDA;03762583;202310;2;15,21435;7;0;0;52;251;1320;2649;18;3329;126;514;531;317;15
ÁPICE ADM DE CONSORCIO LTDA;03762583;202310;3;13,09337;2;0;0;1;96;454;210;3;613;38;13;128;219;3
ÁPICE ADM DE CONSORCIO LTDA;03762583;202310;4;0,00000;0;0;0;0;0;0;0;0;0;0;0;0;0;0
ÁPICE ADM DE CONSORCIO LTDA;03762583;202310;5;0,00000;0;0;0;0;0;0;0;0;0;0;0;0;0;0
ÁPICE ADM DE CONSORCIO LTDA;03762583;202310;6;0,00000;0;0;0;0;0;0;0;0;0;0;0;0;0;0
ÂNCORA ADM CONS S.A.;60375243;202310;1;23,31580;4;0;0;314;711;592;1984;9;2100;67;409;7809;305;84
ÂNCORA ADM CONS S.A.;60375243;202310;2;14,15085;4;0;0;184;623;694;2176;20;2338;90;442;2744;76;131
ÂNCORA ADM CONS S.A.;60375243;202310;3;18,90661;16;6;0;836;1342;8719;6539;270;11916;1696;1646;20401;2279;1096
ÂNCORA ADM CONS S.A.;60375243;202310;4;20,26102;29;0;0;929;2891;8495;12114;107;17599;597;2413;50397;6048;512
ÂNCORA ADM CONS S.A.;60375243;202310;5;22,47236;10;0;0;307;1693;2974;3984;89;5241;638;1079;11438;971;720
ÂNCORA ADM CONS S.A.;60375243;202310;6;24,63016;1;0;0;21;49;216;174;5;289;59;42;697;68;47
